<?xml version="1.0" encoding="UTF-8"?>
<beans xmlns="http://www.springframework.org/schema/beans"
	xmlns:xsi="http://www.w3.org/2001/XMLSchema-instance"
	xmlns:aop="http://www.springframework.org/schema/aop"
	xmlns:tx="http://www.springframework.org/schema/tx"
	xmlns:context="http://www.springframework.org/schema/context"
	xmlns:p="http://www.springframework.org/schema/p"
	xsi:schemaLocation="http://www.springframework.org/schema/beans
	http://www.springframework.org/schema/beans/spring-beans-3.2.xsd
	http://www.springframework.org/schema/tx
	http://www.springframework.org/schema/tx/spring-tx-3.2.xsd
	http://www.springframework.org/schema/aop
	http://www.springframework.org/schema/aop/spring-aop-3.2.xsd
	http://www.springframework.org/schema/context
	http://www.springframework.org/schema/context/spring-context-3.2.xsd">    
	<context:component-scan base-package="mapper"></context:component-scan>
	<!--使用属性文件配置数据源-->
	 <bean class="org.springframework.beans.factory.config.PropertyPlaceholderConfigurer">
	  <!--加载属性文件-->
	  <property name="location">
	   <value>classpath:resource/database.properties</value>
	  </property>
	</bean>
	  	<bean id="dataSource" class="com.alibaba.druid.pool.DruidDataSource">
	 <property name="driverClassName" value="${jdbc.driver}"/>
	 <property name="url" value="${jdbc.url}">
	 </property>
	 <property name="username" value="${jdbc.username}"/>
	 <property name="password" value="${jdbc.password}"/>
	</bean>
	<!--2.配置SqlSessionFactoryBean-->
	<bean id="sqlSessionFactory" class="org.mybatis.spring.SqlSessionFactoryBean">
	   <!--2.1 引入数据源组件  -->
	   <property name="dataSource" ref="dataSource"/>
	   <!--2.2引用MyBatis配置文件中的配置-->
	   <property name="configLocation" value="classpath:mybatis/mybatis-config.xml"/>
	</bean>
	<!--无需映射实现，批量创建多个的映射器实例，并且自动构造注入sqlSessionFactoryBean注解，并得到sqlSessionTemplate实例-->
	 <bean class="org.mybatis.spring.mapper.MapperScannerConfigurer">
	   <property name="basePackage" value="com.dolphin.mapper"></property>
	 </bean>
</beans>