<?xml version="1.0" encoding="UTF-8"?>
<beans xmlns="http://www.springframework.org/schema/beans"
	xmlns:xsi="http://www.w3.org/2001/XMLSchema-instance" 
	xmlns:aop="http://www.springframework.org/schema/aop"
	xmlns:tx="http://www.springframework.org/schema/tx" 
	xmlns:context="http://www.springframework.org/schema/context"
	xmlns:p="http://www.springframework.org/schema/p"
	xsi:schemaLocation="http://www.springframework.org/schema/beans
	http://www.springframework.org/schema/beans/spring-beans-3.2.xsd
	http://www.springframework.org/schema/tx
	http://www.springframework.org/schema/tx/spring-tx-3.2.xsd
	http://www.springframework.org/schema/aop
	http://www.springframework.org/schema/aop/spring-aop-3.2.xsd
	http://www.springframework.org/schema/context
	http://www.springframework.org/schema/context/spring-context-3.2.xsd">
	
	<!-- 配置数据源 -->
	 <bean class="org.springframework.beans.factory.config.PropertyPlaceholderConfigurer">
       	<property name="locations">
       	   <list>
       	   	<value>classpath:database.properties</value>
       	   </list>
       	</property>
     </bean>
     <!--  扫描service自动装配包-->
       	  	<!-- jndi内部配置 -->
       	    <bean id="dataSource"  class="org.apache.commons.dbcp2.BasicDataSource"  destroy-method="close">
       	   		<property name="driverClassName" value="${driver}" />
       	   		<property name="url"  value="${url}"/>
       	   		<property name="username" value="${username}"/>
       	   		<property name="password" value="${password}"/>
       	   </bean> 
	<!-- 配置Mapper -->
	<bean class="org.mybatis.spring.mapper.MapperScannerConfigurer">
		<property name="basePackage" value="com.weidai.dao"></property>
	</bean>
	<!-- 配置sqlsessionFactoryBean -->
	<bean id="sqlSessionFactory" class="org.mybatis.spring.SqlSessionFactoryBean">
		<!-- 引用数据源组件 -->
		<property name="dataSource" ref="dataSource"></property>
		<!-- 引用myBatis配置文件中的配置 -->
		<property name="configLocation" value="classpath:mybatis-config.xml"></property>
		<!-- 配置SQL映射文件 -->
		<property name="mapperLocations">
			<list>
				<value>classpath:com/weidai/dao/*.xml</value>
			</list>
		</property>
	</bean>
	<context:component-scan base-package="com.weidai.service,com.weidai.dao"></context:component-scan>

</beans>