<?xml version="1.0" encoding="UTF-8"?>
<beans xmlns="http://www.springframework.org/schema/beans"
	xmlns:xsi="http://www.w3.org/2001/XMLSchema-instance" xmlns:mvc="http://www.springframework.org/schema/mvc"
	xmlns:aop="http://www.springframework.org/schema/aop" xmlns:tx="http://www.springframework.org/schema/tx"
	xmlns:context="http://www.springframework.org/schema/context" xmlns:p="http://www.springframework.org/schema/p"
	xsi:schemaLocation="http://www.springframework.org/schema/beans
	http://www.springframework.org/schema/beans/spring-beans-3.2.xsd
	http://www.springframework.org/schema/tx
	http://www.springframework.org/schema/tx/spring-tx-3.2.xsd
	http://www.springframework.org/schema/aop
	http://www.springframework.org/schema/aop/spring-aop-3.2.xsd
	http://www.springframework.org/schema/context
	http://www.springframework.org/schema/context/spring-context-3.2.xsd
	http://www.springframework.org/schema/mvc
	http://www.springframework.org/schema/mvc/spring-mvc-3.2.xsd">
	<context:component-scan base-package="com.weidai"></context:component-scan>
	<!--一键式配置，支持注解来开发SpringMvc -->
	<mvc:annotation-driven>
	  <mvc:message-converters>
	   <bean class="org.springframework.http.converter.StringHttpMessageConverter">
	    <property name="supportedMediaTypes">
	      <list>
	         <value>application/json;charset=UTF-8</value>
	      </list>
	    </property>
	   </bean>
	   <bean class=" com.alibaba.fastjson.support.spring.FastJsonHttpMessageConverter">
	     <property name="supportedMediaTypes">
	      <list>
	        <value>text/html;charset=UTF-8</value>
	        <value>application/json</value>
	      </list>
	     </property>
	      <property name="features">
	      <list>
	         <!--输出Date的日期转换器-->
	         <value>WriteDateUseDateFormat</value>
	      </list>
	      </property>
	   </bean>
	  </mvc:message-converters>
	</mvc:annotation-driven>
		<!--完成视图的对应 -->
	<bean
		class="org.springframework.web.servlet.view.InternalResourceViewResolver">
		<property name="prefix" value="/WEB-INF/jsp/" />
		<property name="suffix" value=".jsp" />
	</bean>
	<!--配置静态文件管理 -->
	<mvc:resources location="/statics/" mapping="/statics/**" />
	<!--配置全局异常处理 -->
	<bean
		class="org.springframework.web.servlet.handler.SimpleMappingExceptionResolver">
		<property name="exceptionMappings">
			<props>
				<prop key="java.lang.RuntimeException">error</prop>
			</props>
		</property>
	</bean>
	
</beans>