<?xml version="1.0" encoding="UTF-8"?>
<beans xmlns="http://www.springframework.org/schema/beans"
	xmlns:xsi="http://www.w3.org/2001/XMLSchema-instance" 
	xmlns:aop="http://www.springframework.org/schema/aop"
	xmlns:tx="http://www.springframework.org/schema/tx" 
	xmlns:context="http://www.springframework.org/schema/context"
	xmlns:p="http://www.springframework.org/schema/p"
	xsi:schemaLocation="http://www.springframework.org/schema/beans
	http://www.springframework.org/schema/beans/spring-beans-3.2.xsd
	http://www.springframework.org/schema/tx
	http://www.springframework.org/schema/tx/spring-tx-3.2.xsd
	http://www.springframework.org/schema/aop
	http://www.springframework.org/schema/aop/spring-aop-3.2.xsd
	http://www.springframework.org/schema/context
	http://www.springframework.org/schema/context/spring-context-3.2.xsd">
	
	<!-- 配置数据源 -->
	<bean id="dataSource"
        class="org.springframework.jdbc.datasource.DriverManagerDataSource">
        <property name="driverClassName" value="com.mysql.jdbc.Driver" />
        <property name="url" value="jdbc:mysql://119.23.16.132:3306/weidaiwang" />
        <property name="username" value="root" />
        <property name="password" value="root" />
    </bean>
	<!-- 配置Mapper -->
	<bean class="org.mybatis.spring.mapper.MapperScannerConfigurer">
		<property name="basePackage" value="com.weidai.dao"></property>
	</bean>
	<!-- 配置sqlsessionFactoryBean -->
	<bean id="sqlSessionFactory" class="org.mybatis.spring.SqlSessionFactoryBean">
		<!-- 引用数据源组件 -->
		<property name="dataSource" ref="dataSource"></property>
		<!-- 引用myBatis配置文件中的配置 -->
		<property name="configLocation" value="classpath:mybatis-config.xml"></property>
		<!-- 配置SQL映射文件 -->
		<property name="mapperLocations">
			<list>
				<value>classpath:com/weidai/dao/*.xml</value>
			</list>
		</property>
	</bean>
	<context:component-scan base-package="com.weidai.service,com.weidai.dao"></context:component-scan>

</beans>