<?xml version="1.0" encoding="UTF-8"?>
<!DOCTYPE configuration PUBLIC "-//mybatis.org//DTD Config 3.0//EN" "http://mybatis.org/dtd/mybatis-3-config.dtd">
<configuration>
    <settings>
		<setting name="logImpl" value="LOG4J"/>
		 <!-- 二级缓存开启 -->
        <setting name="cacheEnabled" value="true"/>               <!-- 这个配置使全局的映射器启用或禁用缓存 -->
        <setting name="lazyLoadingEnabled" value="false"/>        <!-- 全局启用或禁用延迟加载。当禁用时，所有关联对象都会即时加载。 -->
        <setting name="aggressiveLazyLoading" value="true"/>
        <setting name="defaultStatementTimeout" value="25000" />  <!-- 设置超时时间，它决定驱动等待一个数据库响应的时间。 -->
	</settings> 
    <typeAliases>
		<package name="classpath:com.wiedai.pojo"/>
	</typeAliases> 
</configuration>
