<?xml version="1.0" encoding="UTF-8" ?>
<!DOCTYPE mapper PUBLIC "-//mybatis.org//DTD Mapper 3.0//EN" "http://mybatis.org/dtd/mybatis-3-mapper.dtd" >
<mapper namespace="com.weidai.dao.BiddataMapper" >

    <resultMap id="BaseResultMap" type="com.weidai.pojo.Biddata" >
        <id column="bd_id" property="bdId" jdbcType="INTEGER" />
        <result column="bd_typeid" property="bdTypeid" jdbcType="INTEGER" />
        <result column="bd_title" property="bdTitle" jdbcType="VARCHAR" />
        <result column="bd_lilv" property="bdLilv" jdbcType="DECIMAL" />
        <result column="bd_time" property="bdTime" jdbcType="INTEGER" />
        <result column="bd_sum" property="bdSum" jdbcType="DECIMAL" />
        <result column="bd_exitsum" property="bdExitsum" jdbcType="DECIMAL" />
        <result column="bd_repayment" property="bdRepayment" jdbcType="VARCHAR" />
        <result column="bd_reduce" property="bdReduce" jdbcType="DECIMAL" />
        <result column="bd_status" property="bdStatus" jdbcType="VARCHAR" />
    </resultMap>

 
</mapper>