<?xml version="1.0" encoding="UTF-8" ?>
<!DOCTYPE mapper PUBLIC "-//mybatis.org//DTD Mapper 3.0//EN" "http://mybatis.org/dtd/mybatis-3-mapper.dtd" >
<mapper namespace="com.weidai.dao.CarloanMapper" >

    <resultMap id="BaseResultMap" type="com.weidai.pojo.Carloan" >
        <id column="cl_id" property="clId" jdbcType="INTEGER" />
        <result column="cl_name" property="clName" jdbcType="VARCHAR" />
        <result column="cl_telephone" property="clTelephone" jdbcType="VARCHAR" />
        <result column="cl_money" property="clMoney" jdbcType="DECIMAL" />
        <result column="cl_carloantime" property="clCarloantime" jdbcType="INTEGER" />
        <result column="cl_ibterest" property="clIbterest" jdbcType="DECIMAL" />
        <result column="cl_carnumber" property="clCarnumber" jdbcType="VARCHAR" />
        <result column="cl_address" property="clAddress" jdbcType="VARCHAR" />
        <result column="cl_carloandate" property="clCarloandate" jdbcType="TIMESTAMP" />
        <result column="cl_status" property="clStatus" jdbcType="INTEGER" />
    </resultMap>


</mapper>