<?xml version="1.0" encoding="UTF-8" ?>
<!DOCTYPE mapper PUBLIC "-//mybatis.org//DTD Mapper 3.0//EN" "http://mybatis.org/dtd/mybatis-3-mapper.dtd" >
<mapper namespace="com.weidai.dao.LoanMapper" >

    <resultMap id="BaseResultMap" type="com.weidai.pojo.Loan" >
        <id column="l_id" property="lId" jdbcType="INTEGER" />
        <result column="l_name" property="lName" jdbcType="VARCHAR" />
        <result column="l_telephone" property="lTelephone" jdbcType="VARCHAR" />
        <result column="l_money" property="lMoney" jdbcType="DECIMAL" />
        <result column="l_loantime" property="lLoantime" jdbcType="INTEGER" />
        <result column="l_ibterest" property="lIbterest" jdbcType="DECIMAL" />
        <result column="l_loandate" property="lLoandate" jdbcType="TIMESTAMP" />
        <result column="l_status" property="lStatus" jdbcType="INTEGER" />
    </resultMap>

 
</mapper>