<?xml version="1.0" encoding="UTF-8" ?>
<!DOCTYPE mapper PUBLIC "-//mybatis.org//DTD Mapper 3.0//EN" "http://mybatis.org/dtd/mybatis-3-mapper.dtd" >
<mapper namespace="com.weidai.dao.UserlendMapper" >

    <resultMap id="BaseResultMap" type="com.weidai.pojo.Userlend" >
        <id column="ul_id" property="ulId" jdbcType="INTEGER" />
        <result column="ul_userid" property="ulUserid" jdbcType="VARCHAR" />
        <result column="ul_biddataid" property="ulBiddataid" jdbcType="INTEGER" />
        <result column="ul_bidmoney" property="ulBidmoney" jdbcType="DECIMAL" />
        <result column="ul_bidtime" property="ulBidtime" jdbcType="INTEGER" />
        <result column="ul_rate" property="ulRate" jdbcType="DECIMAL" />
        <result column="ul_interest" property="ulInterest" jdbcType="DECIMAL" />
        <result column="ul_biddate" property="ulBiddate" jdbcType="TIMESTAMP" />
    </resultMap>


</mapper>