<?xml version="1.0" encoding="UTF-8" ?>
<!DOCTYPE mapper PUBLIC "-//mybatis.org//DTD Mapper 3.0//EN" "http://mybatis.org/dtd/mybatis-3-mapper.dtd" >
<mapper namespace="com.weidai.dao.UserbankMapper" >

    <resultMap id="BaseResultMap" type="com.weidai.pojo.Userbank" >
        <id column="ub_id" property="ubId" jdbcType="INTEGER" />
        <result column="ub_userid" property="ubUserid" jdbcType="VARCHAR" />
        <result column="ub_username" property="ubUsername" jdbcType="VARCHAR" />
        <result column="ub_idcard" property="ubIdcard" jdbcType="VARCHAR" />
        <result column="ub_banknum" property="ubBanknum" jdbcType="VARCHAR" />
        <result column="uc_bankmoney" property="ucBankmoney" jdbcType="DECIMAL" />
        <result column="ub_telephone" property="ubTelephone" jdbcType="VARCHAR" />
        <result column="ub_password" property="ubPassword" jdbcType="INTEGER" />
    </resultMap>


</mapper>