<?xml version="1.0" encoding="UTF-8" ?>
<!DOCTYPE mapper PUBLIC "-//mybatis.org//DTD Mapper 3.0//EN" "http://mybatis.org/dtd/mybatis-3-mapper.dtd" >
<mapper namespace="com.weidai.dao.UserMapper">
	<!--映射的集合 -->
	<resultMap id="BaseResultMap" type="com.weidai.pojo.User">
		<id column="u_username" property="uUsername" jdbcType="VARCHAR" />
		<result column="u_password" property="uPassword" jdbcType="VARCHAR" />
		<result column="u_telephone" property="uTelephone" jdbcType="VARCHAR" />
		<result column="u_safe" property="uSafe" jdbcType="VARCHAR" />
		<result column="u_credit" property="uCredit" jdbcType="INTEGER" />
		<result column="u_balance" property="uBalance" jdbcType="INTEGER" />
		<result column="u_paypassword" property="uPaypassword"
			jdbcType="INTEGER" />
		<result column="u_status" property="uStatus" jdbcType="INTEGER" />
		<result column="u_regdate" property="uRegdate" jdbcType="TIMESTAMP" />
		<result column="u_modifydate" property="uModifydate" jdbcType="TIMESTAMP" />
		<result column="u_email" property="uEmail" jdbcType="VARCHAR" />
		<result column="u_loadnote" property="uLoadnote" jdbcType="INTEGER" />
	</resultMap>
	<!-- -->
	<sql id="Base_Column_List">
		u_username, u_password, u_telephone, u_safe, u_credit, u_balance, u_paypassword,
		u_status, u_regdate, u_modifydate, u_email, u_loadnote
	</sql>
	<!--通过手机号码查询是否有该用户 -->
	<select id="selectByPrimaryKey" resultMap="BaseResultMap"
		parameterType="java.lang.String">
		select
		<include refid="Base_Column_List" />
		from User
		where u_username = #{uUsername,jdbcType=VARCHAR}
	</select>
	<!--根据手机号码删除用户 -->
	<delete id="deleteByPrimaryKey" parameterType="java.lang.String">
		delete from User
		where u_username = #{uUsername,jdbcType=VARCHAR}
	</delete>
	<!--添加用户 全部数据必须插入一遍 -->
	<insert id="insert" parameterType="com.weidai.pojo.User">
		insert into user (u_username, u_password, u_telephone,
		u_safe, u_credit, u_balance,
		u_paypassword, u_status, u_regdate,
		u_modifydate, u_email, u_loadnote
		)
		values (#{uUsername,jdbcType=VARCHAR}, #{uPassword,jdbcType=VARCHAR},
		#{uTelephone,jdbcType=VARCHAR},
		#{uSafe,jdbcType=VARCHAR}, #{uCredit,jdbcType=INTEGER}, #{uBalance,jdbcType=INTEGER},
		#{uPaypassword,jdbcType=INTEGER}, #{uStatus,jdbcType=INTEGER},
		#{uRegdate,jdbcType=TIMESTAMP},
		#{uModifydate,jdbcType=TIMESTAMP}, #{uEmail,jdbcType=VARCHAR}, #{uLoadnote,jdbcType=INTEGER}
		)
	</insert>
	<!--有选择性的插入数据 -->
	<insert id="insertSelective" parameterType="com.weidai.pojo.User">
		insert into User
		<trim prefix="(" suffix=")" suffixOverrides=",">
			<if test="uUsername != null">
				u_username,
			</if>
			<if test="uPassword != null">
				u_password,
			</if>
			<if test="uTelephone != null">
				u_telephone,
			</if>
			<if test="uSafe != null">
				u_safe,
			</if>
			<if test="uCredit != null">
				u_credit,
			</if>
			<if test="uBalance != null">
				u_balance,
			</if>
			<if test="uPaypassword != null">
				u_paypassword,
			</if>
			<if test="uStatus != null">
				u_status,
			</if>
			<if test="uRegdate != null">
				u_regdate,
			</if>
			<if test="uModifydate != null">
				u_modifydate,
			</if>
			<if test="uEmail != null">
				u_email,
			</if>
			<if test="uLoadnote != null">
				u_loadnote,
			</if>
		</trim>
		<trim prefix="values (" suffix=")" suffixOverrides=",">
			<if test="uUsername != null">
				#{uUsername,jdbcType=VARCHAR},
			</if>
			<if test="uPassword != null">
				#{uPassword,jdbcType=VARCHAR},
			</if>
			<if test="uTelephone != null">
				#{uTelephone,jdbcType=VARCHAR},
			</if>
			<if test="uSafe != null">
				#{uSafe,jdbcType=VARCHAR},
			</if>
			<if test="uCredit != null">
				#{uCredit,jdbcType=INTEGER},
			</if>
			<if test="uBalance != null">
				#{uBalance,jdbcType=INTEGER},
			</if>
			<if test="uPaypassword != null">
				#{uPaypassword,jdbcType=INTEGER},
			</if>
			<if test="uStatus != null">
				#{uStatus,jdbcType=INTEGER},
			</if>
			<if test="uRegdate != null">
				#{uRegdate,jdbcType=TIMESTAMP},
			</if>
			<if test="uModifydate != null">
				#{uModifydate,jdbcType=TIMESTAMP},
			</if>
			<if test="uEmail != null">
				#{uEmail,jdbcType=VARCHAR},
			</if>
			<if test="uLoadnote != null">
				#{uLoadnote,jdbcType=INTEGER},
			</if>
		</trim>
	</insert>
	<!--更新新的model中不为空的字段。 有选择的更新 -->
	<update id="updateByPrimaryKeySelective" parameterType="com.weidai.pojo.User">
		update User
		<set>
			<if test="uPassword != null">
				u_password = #{uPassword,jdbcType=VARCHAR},
			</if>
			<if test="uTelephone != null">
				u_telephone = #{uTelephone,jdbcType=VARCHAR},
			</if>
			<if test="uSafe != null">
				u_safe = #{uSafe,jdbcType=VARCHAR},
			</if>
			<if test="uCredit != null">
				u_credit = #{uCredit,jdbcType=INTEGER},
			</if>
			<if test="uBalance != null">
				u_balance = #{uBalance,jdbcType=INTEGER},
			</if>
			<if test="uPaypassword != null">
				u_paypassword = #{uPaypassword,jdbcType=INTEGER},
			</if>
			<if test="uStatus != null">
				u_status = #{uStatus,jdbcType=INTEGER},
			</if>
			<if test="uRegdate != null">
				u_regdate = #{uRegdate,jdbcType=TIMESTAMP},
			</if>
			<if test="uModifydate != null">
				u_modifydate = #{uModifydate,jdbcType=TIMESTAMP},
			</if>
			<if test="uEmail != null">
				u_email = #{uEmail,jdbcType=VARCHAR},
			</if>
			<if test="uLoadnote != null">
				u_loadnote = #{uLoadnote,jdbcType=INTEGER},
			</if>
		</set>
		where u_username = #{uUsername,jdbcType=VARCHAR}
	</update>
	<!--通过手机号码更新信息 -->
	<update id="updateByPrimaryKey" parameterType="com.weidai.pojo.User">
		update User
		set u_password = #{uPassword,jdbcType=VARCHAR},
		u_telephone = #{uTelephone,jdbcType=VARCHAR},
		u_safe = #{uSafe,jdbcType=VARCHAR},
		u_credit = #{uCredit,jdbcType=INTEGER},
		u_balance = #{uBalance,jdbcType=INTEGER},
		u_paypassword = #{uPaypassword,jdbcType=INTEGER},
		u_status = #{uStatus,jdbcType=INTEGER},
		u_regdate = #{uRegdate,jdbcType=TIMESTAMP},
		u_modifydate = #{uModifydate,jdbcType=TIMESTAMP},
		u_email = #{uEmail,jdbcType=VARCHAR},
		u_loadnote = #{uLoadnote,jdbcType=INTEGER}
		where u_username = #{uUsername,jdbcType=VARCHAR}
	</update>
	<!--通过手机号码和密码登陆 -->
	<select id="login" resultMap="BaseResultMap" parameterType="java.lang.String">
		select
		<include refid="Base_Column_List" />
		from User
		where u_username = #{uUsername,jdbcType=VARCHAR}
	</select>
</mapper>