<?xml version="1.0" encoding="UTF-8"?>
<!DOCTYPE mapper PUBLIC "-//mybatis.org//DTD Mapper 3.0//EN" "http://mybatis.org/dtd/mybatis-3-mapper.dtd">
<mapper namespace="com.dolphin.mapper.DolphinShoppingCartMapper">
  <resultMap id="BaseResultMap" type="com.dolphin.pojo.DolphinShoppingCart">
    <id column="id" jdbcType="BIGINT" property="id" />
    <result column="userId" jdbcType="BIGINT" property="userid" />
    <result column="postageMoney" jdbcType="DOUBLE" property="postagemoney" />
    <result column="commodityTotalPrice" jdbcType="DOUBLE" property="commoditytotalprice" />
    <result column="tariffAmount" jdbcType="DOUBLE" property="tariffamount" />
    <result column="freightAmout" jdbcType="DOUBLE" property="freightamout" />
    <result column="freightDiscounts" jdbcType="DOUBLE" property="freightdiscounts" />
    <result column="activityDiscouts" jdbcType="DOUBLE" property="activitydiscouts" />
  </resultMap>
  <sql id="Base_Column_List">
    id, userId, postageMoney, commodityTotalPrice, tariffAmount, freightAmout, freightDiscounts, 
    activityDiscouts
  </sql>
  <select id="selectByPrimaryKey" parameterType="java.lang.Long" resultMap="BaseResultMap">
    select 
    <include refid="Base_Column_List" />
    from dolphin_shopping_cart
    where id = #{id,jdbcType=BIGINT}
  </select>
  <delete id="deleteByPrimaryKey" parameterType="java.lang.Long">
    delete from dolphin_shopping_cart
    where id = #{id,jdbcType=BIGINT}
  </delete>
  <insert id="insert" parameterType="com.dolphin.pojo.DolphinShoppingCart">
    insert into dolphin_shopping_cart (id, userId, postageMoney, 
      commodityTotalPrice, tariffAmount, freightAmout, 
      freightDiscounts, activityDiscouts)
    values (#{id,jdbcType=BIGINT}, #{userid,jdbcType=BIGINT}, #{postagemoney,jdbcType=DOUBLE}, 
      #{commoditytotalprice,jdbcType=DOUBLE}, #{tariffamount,jdbcType=DOUBLE}, #{freightamout,jdbcType=DOUBLE}, 
      #{freightdiscounts,jdbcType=DOUBLE}, #{activitydiscouts,jdbcType=DOUBLE})
  </insert>
  <insert id="insertSelective" parameterType="com.dolphin.pojo.DolphinShoppingCart">
    insert into dolphin_shopping_cart
    <trim prefix="(" suffix=")" suffixOverrides=",">
      <if test="id != null">
        id,
      </if>
      <if test="userid != null">
        userId,
      </if>
      <if test="postagemoney != null">
        postageMoney,
      </if>
      <if test="commoditytotalprice != null">
        commodityTotalPrice,
      </if>
      <if test="tariffamount != null">
        tariffAmount,
      </if>
      <if test="freightamout != null">
        freightAmout,
      </if>
      <if test="freightdiscounts != null">
        freightDiscounts,
      </if>
      <if test="activitydiscouts != null">
        activityDiscouts,
      </if>
    </trim>
    <trim prefix="values (" suffix=")" suffixOverrides=",">
      <if test="id != null">
        #{id,jdbcType=BIGINT},
      </if>
      <if test="userid != null">
        #{userid,jdbcType=BIGINT},
      </if>
      <if test="postagemoney != null">
        #{postagemoney,jdbcType=DOUBLE},
      </if>
      <if test="commoditytotalprice != null">
        #{commoditytotalprice,jdbcType=DOUBLE},
      </if>
      <if test="tariffamount != null">
        #{tariffamount,jdbcType=DOUBLE},
      </if>
      <if test="freightamout != null">
        #{freightamout,jdbcType=DOUBLE},
      </if>
      <if test="freightdiscounts != null">
        #{freightdiscounts,jdbcType=DOUBLE},
      </if>
      <if test="activitydiscouts != null">
        #{activitydiscouts,jdbcType=DOUBLE},
      </if>
    </trim>
  </insert>
  <update id="updateByPrimaryKeySelective" parameterType="com.dolphin.pojo.DolphinShoppingCart">
    update dolphin_shopping_cart
    <set>
      <if test="userid != null">
        userId = #{userid,jdbcType=BIGINT},
      </if>
      <if test="postagemoney != null">
        postageMoney = #{postagemoney,jdbcType=DOUBLE},
      </if>
      <if test="commoditytotalprice != null">
        commodityTotalPrice = #{commoditytotalprice,jdbcType=DOUBLE},
      </if>
      <if test="tariffamount != null">
        tariffAmount = #{tariffamount,jdbcType=DOUBLE},
      </if>
      <if test="freightamout != null">
        freightAmout = #{freightamout,jdbcType=DOUBLE},
      </if>
      <if test="freightdiscounts != null">
        freightDiscounts = #{freightdiscounts,jdbcType=DOUBLE},
      </if>
      <if test="activitydiscouts != null">
        activityDiscouts = #{activitydiscouts,jdbcType=DOUBLE},
      </if>
    </set>
    where id = #{id,jdbcType=BIGINT}
  </update>
  <update id="updateByPrimaryKey" parameterType="com.dolphin.pojo.DolphinShoppingCart">
    update dolphin_shopping_cart
    set userId = #{userid,jdbcType=BIGINT},
      postageMoney = #{postagemoney,jdbcType=DOUBLE},
      commodityTotalPrice = #{commoditytotalprice,jdbcType=DOUBLE},
      tariffAmount = #{tariffamount,jdbcType=DOUBLE},
      freightAmout = #{freightamout,jdbcType=DOUBLE},
      freightDiscounts = #{freightdiscounts,jdbcType=DOUBLE},
      activityDiscouts = #{activitydiscouts,jdbcType=DOUBLE}
    where id = #{id,jdbcType=BIGINT}
  </update>
</mapper>