<?xml version="1.0" encoding="UTF-8"?>
<!DOCTYPE mapper PUBLIC "-//mybatis.org//DTD Mapper 3.0//EN" "http://mybatis.org/dtd/mybatis-3-mapper.dtd">
<mapper namespace="com.dolphin.mapper.DolphinCoMiddleMapper">
  <resultMap id="BaseResultMap" type="com.dolphin.pojo.DolphinCoMiddle">
    <id column="id" jdbcType="BIGINT" property="id" />
    <result column="orderId" jdbcType="BIGINT" property="orderid" />
    <result column="commodityId" jdbcType="BIGINT" property="commodityid" />
  </resultMap>
  <sql id="Base_Column_List">
    id, orderId, commodityId
  </sql>
  <select id="selectByPrimaryKey" parameterType="java.lang.Long" resultMap="BaseResultMap">
    select 
    <include refid="Base_Column_List" />
    from dolphin_co_middle
    where id = #{id,jdbcType=BIGINT}
  </select>
  <delete id="deleteByPrimaryKey" parameterType="java.lang.Long">
    delete from dolphin_co_middle
    where id = #{id,jdbcType=BIGINT}
  </delete>
  <insert id="insert" parameterType="com.dolphin.pojo.DolphinCoMiddle">
    insert into dolphin_co_middle (id, orderId, commodityId
      )
    values (#{id,jdbcType=BIGINT}, #{orderid,jdbcType=BIGINT}, #{commodityid,jdbcType=BIGINT}
      )
  </insert>
  <insert id="insertSelective" parameterType="com.dolphin.pojo.DolphinCoMiddle">
    insert into dolphin_co_middle
    <trim prefix="(" suffix=")" suffixOverrides=",">
      <if test="id != null">
        id,
      </if>
      <if test="orderid != null">
        orderId,
      </if>
      <if test="commodityid != null">
        commodityId,
      </if>
    </trim>
    <trim prefix="values (" suffix=")" suffixOverrides=",">
      <if test="id != null">
        #{id,jdbcType=BIGINT},
      </if>
      <if test="orderid != null">
        #{orderid,jdbcType=BIGINT},
      </if>
      <if test="commodityid != null">
        #{commodityid,jdbcType=BIGINT},
      </if>
    </trim>
  </insert>
  <update id="updateByPrimaryKeySelective" parameterType="com.dolphin.pojo.DolphinCoMiddle">
    update dolphin_co_middle
    <set>
      <if test="orderid != null">
        orderId = #{orderid,jdbcType=BIGINT},
      </if>
      <if test="commodityid != null">
        commodityId = #{commodityid,jdbcType=BIGINT},
      </if>
    </set>
    where id = #{id,jdbcType=BIGINT}
  </update>
  <update id="updateByPrimaryKey" parameterType="com.dolphin.pojo.DolphinCoMiddle">
    update dolphin_co_middle
    set orderId = #{orderid,jdbcType=BIGINT},
      commodityId = #{commodityid,jdbcType=BIGINT}
    where id = #{id,jdbcType=BIGINT}
  </update>
</mapper>