<?xml version="1.0" encoding="UTF-8"?>
<!DOCTYPE mapper PUBLIC "-//mybatis.org//DTD Mapper 3.0//EN" "http://mybatis.org/dtd/mybatis-3-mapper.dtd">
<mapper namespace="com.dolphin.mapper.DolphinWarehouseMapper">
  <resultMap id="BaseResultMap" type="com.dolphin.pojo.DolphinWarehouse">
    <id column="id" jdbcType="BIGINT" property="id" />
    <result column="warehouseName" jdbcType="VARCHAR" property="warehousename" />
    <result column="imageUrl" jdbcType="VARCHAR" property="imageurl" />
    <result column="delivery" jdbcType="VARCHAR" property="delivery" />
    <result column="createdTime" jdbcType="TIMESTAMP" property="createdtime" />
    <result column="updateTime" jdbcType="TIMESTAMP" property="updatetime" />
  </resultMap>
  <sql id="Base_Column_List">
    id, warehouseName, imageUrl, delivery, createdTime, updateTime
  </sql>
  <select id="selectByPrimaryKey" parameterType="java.lang.Long" resultMap="BaseResultMap">
    select 
    <include refid="Base_Column_List" />
    from dolphin_warehouse
    where id = #{id,jdbcType=BIGINT}
  </select>
  <delete id="deleteByPrimaryKey" parameterType="java.lang.Long">
    delete from dolphin_warehouse
    where id = #{id,jdbcType=BIGINT}
  </delete>
  <insert id="insert" parameterType="com.dolphin.pojo.DolphinWarehouse">
    insert into dolphin_warehouse (id, warehouseName, imageUrl, 
      delivery, createdTime, updateTime
      )
    values (#{id,jdbcType=BIGINT}, #{warehousename,jdbcType=VARCHAR}, #{imageurl,jdbcType=VARCHAR}, 
      #{delivery,jdbcType=VARCHAR}, #{createdtime,jdbcType=TIMESTAMP}, #{updatetime,jdbcType=TIMESTAMP}
      )
  </insert>
  <insert id="insertSelective" parameterType="com.dolphin.pojo.DolphinWarehouse">
    insert into dolphin_warehouse
    <trim prefix="(" suffix=")" suffixOverrides=",">
      <if test="id != null">
        id,
      </if>
      <if test="warehousename != null">
        warehouseName,
      </if>
      <if test="imageurl != null">
        imageUrl,
      </if>
      <if test="delivery != null">
        delivery,
      </if>
      <if test="createdtime != null">
        createdTime,
      </if>
      <if test="updatetime != null">
        updateTime,
      </if>
    </trim>
    <trim prefix="values (" suffix=")" suffixOverrides=",">
      <if test="id != null">
        #{id,jdbcType=BIGINT},
      </if>
      <if test="warehousename != null">
        #{warehousename,jdbcType=VARCHAR},
      </if>
      <if test="imageurl != null">
        #{imageurl,jdbcType=VARCHAR},
      </if>
      <if test="delivery != null">
        #{delivery,jdbcType=VARCHAR},
      </if>
      <if test="createdtime != null">
        #{createdtime,jdbcType=TIMESTAMP},
      </if>
      <if test="updatetime != null">
        #{updatetime,jdbcType=TIMESTAMP},
      </if>
    </trim>
  </insert>
  <update id="updateByPrimaryKeySelective" parameterType="com.dolphin.pojo.DolphinWarehouse">
    update dolphin_warehouse
    <set>
      <if test="warehousename != null">
        warehouseName = #{warehousename,jdbcType=VARCHAR},
      </if>
      <if test="imageurl != null">
        imageUrl = #{imageurl,jdbcType=VARCHAR},
      </if>
      <if test="delivery != null">
        delivery = #{delivery,jdbcType=VARCHAR},
      </if>
      <if test="createdtime != null">
        createdTime = #{createdtime,jdbcType=TIMESTAMP},
      </if>
      <if test="updatetime != null">
        updateTime = #{updatetime,jdbcType=TIMESTAMP},
      </if>
    </set>
    where id = #{id,jdbcType=BIGINT}
  </update>
  <update id="updateByPrimaryKey" parameterType="com.dolphin.pojo.DolphinWarehouse">
    update dolphin_warehouse
    set warehouseName = #{warehousename,jdbcType=VARCHAR},
      imageUrl = #{imageurl,jdbcType=VARCHAR},
      delivery = #{delivery,jdbcType=VARCHAR},
      createdTime = #{createdtime,jdbcType=TIMESTAMP},
      updateTime = #{updatetime,jdbcType=TIMESTAMP}
    where id = #{id,jdbcType=BIGINT}
  </update>
</mapper>