<?xml version="1.0" encoding="UTF-8"?>
<!DOCTYPE mapper PUBLIC "-//mybatis.org//DTD Mapper 3.0//EN" "http://mybatis.org/dtd/mybatis-3-mapper.dtd">
<mapper namespace="com.dolphin.mapper.DolphinFeedbacksMapper">
  <resultMap id="BaseResultMap" type="com.dolphin.pojo.DolphinFeedbacks">
    <id column="id" jdbcType="BIGINT" property="id" />
    <result column="userId" jdbcType="BIGINT" property="userid" />
    <result column="buyerMessage" jdbcType="VARCHAR" property="buyermessage" />
    <result column="buyerNick" jdbcType="VARCHAR" property="buyernick" />
    <result column="STATUS" jdbcType="INTEGER" property="status" />
    <result column="discussTime" jdbcType="TIMESTAMP" property="discusstime" />
    <result column="discussTitle" jdbcType="VARCHAR" property="discusstitle" />
  </resultMap>
  <sql id="Base_Column_List">
    id, userId, buyerMessage, buyerNick, STATUS, discussTime, discussTitle
  </sql>
  <select id="selectByPrimaryKey" parameterType="java.lang.Long" resultMap="BaseResultMap">
    select 
    <include refid="Base_Column_List" />
    from dolphin_feedbacks
    where id = #{id,jdbcType=BIGINT}
  </select>
  <delete id="deleteByPrimaryKey" parameterType="java.lang.Long">
    delete from dolphin_feedbacks
    where id = #{id,jdbcType=BIGINT}
  </delete>
  <insert id="insert" parameterType="com.dolphin.pojo.DolphinFeedbacks">
    insert into dolphin_feedbacks (id, userId, buyerMessage, 
      buyerNick, STATUS, discussTime, 
      discussTitle)
    values (#{id,jdbcType=BIGINT}, #{userid,jdbcType=BIGINT}, #{buyermessage,jdbcType=VARCHAR}, 
      #{buyernick,jdbcType=VARCHAR}, #{status,jdbcType=INTEGER}, #{discusstime,jdbcType=TIMESTAMP}, 
      #{discusstitle,jdbcType=VARCHAR})
  </insert>
  <insert id="insertSelective" parameterType="com.dolphin.pojo.DolphinFeedbacks">
    insert into dolphin_feedbacks
    <trim prefix="(" suffix=")" suffixOverrides=",">
      <if test="id != null">
        id,
      </if>
      <if test="userid != null">
        userId,
      </if>
      <if test="buyermessage != null">
        buyerMessage,
      </if>
      <if test="buyernick != null">
        buyerNick,
      </if>
      <if test="status != null">
        STATUS,
      </if>
      <if test="discusstime != null">
        discussTime,
      </if>
      <if test="discusstitle != null">
        discussTitle,
      </if>
    </trim>
    <trim prefix="values (" suffix=")" suffixOverrides=",">
      <if test="id != null">
        #{id,jdbcType=BIGINT},
      </if>
      <if test="userid != null">
        #{userid,jdbcType=BIGINT},
      </if>
      <if test="buyermessage != null">
        #{buyermessage,jdbcType=VARCHAR},
      </if>
      <if test="buyernick != null">
        #{buyernick,jdbcType=VARCHAR},
      </if>
      <if test="status != null">
        #{status,jdbcType=INTEGER},
      </if>
      <if test="discusstime != null">
        #{discusstime,jdbcType=TIMESTAMP},
      </if>
      <if test="discusstitle != null">
        #{discusstitle,jdbcType=VARCHAR},
      </if>
    </trim>
  </insert>
  <update id="updateByPrimaryKeySelective" parameterType="com.dolphin.pojo.DolphinFeedbacks">
    update dolphin_feedbacks
    <set>
      <if test="userid != null">
        userId = #{userid,jdbcType=BIGINT},
      </if>
      <if test="buyermessage != null">
        buyerMessage = #{buyermessage,jdbcType=VARCHAR},
      </if>
      <if test="buyernick != null">
        buyerNick = #{buyernick,jdbcType=VARCHAR},
      </if>
      <if test="status != null">
        STATUS = #{status,jdbcType=INTEGER},
      </if>
      <if test="discusstime != null">
        discussTime = #{discusstime,jdbcType=TIMESTAMP},
      </if>
      <if test="discusstitle != null">
        discussTitle = #{discusstitle,jdbcType=VARCHAR},
      </if>
    </set>
    where id = #{id,jdbcType=BIGINT}
  </update>
  <update id="updateByPrimaryKey" parameterType="com.dolphin.pojo.DolphinFeedbacks">
    update dolphin_feedbacks
    set userId = #{userid,jdbcType=BIGINT},
      buyerMessage = #{buyermessage,jdbcType=VARCHAR},
      buyerNick = #{buyernick,jdbcType=VARCHAR},
      STATUS = #{status,jdbcType=INTEGER},
      discussTime = #{discusstime,jdbcType=TIMESTAMP},
      discussTitle = #{discusstitle,jdbcType=VARCHAR}
    where id = #{id,jdbcType=BIGINT}
  </update>
</mapper>