<?xml version="1.0" encoding="UTF-8"?>
<!DOCTYPE mapper PUBLIC "-//mybatis.org//DTD Mapper 3.0//EN" "http://mybatis.org/dtd/mybatis-3-mapper.dtd">
<mapper namespace="com.dolphin.mapper.DolphinMessageMapper">
  <resultMap id="BaseResultMap" type="com.dolphin.pojo.DolphinMessage">
    <id column="id" jdbcType="BIGINT" property="id" />
    <result column="sendId" jdbcType="BIGINT" property="sendid" />
    <result column="messageContent" jdbcType="VARCHAR" property="messagecontent" />
    <result column="sendTime" jdbcType="TIMESTAMP" property="sendtime" />
    <result column="messageTitle" jdbcType="VARCHAR" property="messagetitle" />
    <result column="recipientId" jdbcType="BIGINT" property="recipientid" />
  </resultMap>
  <sql id="Base_Column_List">
    id, sendId, messageContent, sendTime, messageTitle, recipientId
  </sql>
  <select id="selectByPrimaryKey" parameterType="java.lang.Long" resultMap="BaseResultMap">
    select 
    <include refid="Base_Column_List" />
    from dolphin_message
    where id = #{id,jdbcType=BIGINT}
  </select>
  <delete id="deleteByPrimaryKey" parameterType="java.lang.Long">
    delete from dolphin_message
    where id = #{id,jdbcType=BIGINT}
  </delete>
  <insert id="insert" parameterType="com.dolphin.pojo.DolphinMessage">
    insert into dolphin_message (id, sendId, messageContent, 
      sendTime, messageTitle, recipientId
      )
    values (#{id,jdbcType=BIGINT}, #{sendid,jdbcType=BIGINT}, #{messagecontent,jdbcType=VARCHAR}, 
      #{sendtime,jdbcType=TIMESTAMP}, #{messagetitle,jdbcType=VARCHAR}, #{recipientid,jdbcType=BIGINT}
      )
  </insert>
  <insert id="insertSelective" parameterType="com.dolphin.pojo.DolphinMessage">
    insert into dolphin_message
    <trim prefix="(" suffix=")" suffixOverrides=",">
      <if test="id != null">
        id,
      </if>
      <if test="sendid != null">
        sendId,
      </if>
      <if test="messagecontent != null">
        messageContent,
      </if>
      <if test="sendtime != null">
        sendTime,
      </if>
      <if test="messagetitle != null">
        messageTitle,
      </if>
      <if test="recipientid != null">
        recipientId,
      </if>
    </trim>
    <trim prefix="values (" suffix=")" suffixOverrides=",">
      <if test="id != null">
        #{id,jdbcType=BIGINT},
      </if>
      <if test="sendid != null">
        #{sendid,jdbcType=BIGINT},
      </if>
      <if test="messagecontent != null">
        #{messagecontent,jdbcType=VARCHAR},
      </if>
      <if test="sendtime != null">
        #{sendtime,jdbcType=TIMESTAMP},
      </if>
      <if test="messagetitle != null">
        #{messagetitle,jdbcType=VARCHAR},
      </if>
      <if test="recipientid != null">
        #{recipientid,jdbcType=BIGINT},
      </if>
    </trim>
  </insert>
  <update id="updateByPrimaryKeySelective" parameterType="com.dolphin.pojo.DolphinMessage">
    update dolphin_message
    <set>
      <if test="sendid != null">
        sendId = #{sendid,jdbcType=BIGINT},
      </if>
      <if test="messagecontent != null">
        messageContent = #{messagecontent,jdbcType=VARCHAR},
      </if>
      <if test="sendtime != null">
        sendTime = #{sendtime,jdbcType=TIMESTAMP},
      </if>
      <if test="messagetitle != null">
        messageTitle = #{messagetitle,jdbcType=VARCHAR},
      </if>
      <if test="recipientid != null">
        recipientId = #{recipientid,jdbcType=BIGINT},
      </if>
    </set>
    where id = #{id,jdbcType=BIGINT}
  </update>
  <update id="updateByPrimaryKey" parameterType="com.dolphin.pojo.DolphinMessage">
    update dolphin_message
    set sendId = #{sendid,jdbcType=BIGINT},
      messageContent = #{messagecontent,jdbcType=VARCHAR},
      sendTime = #{sendtime,jdbcType=TIMESTAMP},
      messageTitle = #{messagetitle,jdbcType=VARCHAR},
      recipientId = #{recipientid,jdbcType=BIGINT}
    where id = #{id,jdbcType=BIGINT}
  </update>
</mapper>