<?xml version="1.0" encoding="UTF-8"?>
<!DOCTYPE mapper PUBLIC "-//mybatis.org//DTD Mapper 3.0//EN" "http://mybatis.org/dtd/mybatis-3-mapper.dtd">
<mapper namespace="com.dolphin.mapper.DolphinSpecificationMapper">
  <resultMap id="BaseResultMap" type="com.dolphin.pojo.DolphinSpecification">
    <id column="id" jdbcType="BIGINT" property="id" />
    <result column="specificationName" jdbcType="VARCHAR" property="specificationname" />
    <result column="createdTime" jdbcType="TIMESTAMP" property="createdtime" />
    <result column="createdBy" jdbcType="BIGINT" property="createdby" />
    <result column="updateTime" jdbcType="TIMESTAMP" property="updatetime" />
    <result column="updatedTime" jdbcType="BIGINT" property="updatedtime" />
  </resultMap>
  <resultMap extends="BaseResultMap" id="ResultMapWithBLOBs" type="com.dolphin.pojo.DolphinSpecification">
    <result column="paramData" jdbcType="LONGVARCHAR" property="paramdata" />
  </resultMap>
  <sql id="Base_Column_List">
    id, specificationName, createdTime, createdBy, updateTime, updatedTime
  </sql>
  <sql id="Blob_Column_List">
    paramData
  </sql>
  <select id="selectByPrimaryKey" parameterType="java.lang.Long" resultMap="ResultMapWithBLOBs">
    select 
    <include refid="Base_Column_List" />
    ,
    <include refid="Blob_Column_List" />
    from dolphin_specification
    where id = #{id,jdbcType=BIGINT}
  </select>
  <delete id="deleteByPrimaryKey" parameterType="java.lang.Long">
    delete from dolphin_specification
    where id = #{id,jdbcType=BIGINT}
  </delete>
  <insert id="insert" parameterType="com.dolphin.pojo.DolphinSpecification">
    insert into dolphin_specification (id, specificationName, createdTime, 
      createdBy, updateTime, updatedTime, 
      paramData)
    values (#{id,jdbcType=BIGINT}, #{specificationname,jdbcType=VARCHAR}, #{createdtime,jdbcType=TIMESTAMP}, 
      #{createdby,jdbcType=BIGINT}, #{updatetime,jdbcType=TIMESTAMP}, #{updatedtime,jdbcType=BIGINT}, 
      #{paramdata,jdbcType=LONGVARCHAR})
  </insert>
  <insert id="insertSelective" parameterType="com.dolphin.pojo.DolphinSpecification">
    insert into dolphin_specification
    <trim prefix="(" suffix=")" suffixOverrides=",">
      <if test="id != null">
        id,
      </if>
      <if test="specificationname != null">
        specificationName,
      </if>
      <if test="createdtime != null">
        createdTime,
      </if>
      <if test="createdby != null">
        createdBy,
      </if>
      <if test="updatetime != null">
        updateTime,
      </if>
      <if test="updatedtime != null">
        updatedTime,
      </if>
      <if test="paramdata != null">
        paramData,
      </if>
    </trim>
    <trim prefix="values (" suffix=")" suffixOverrides=",">
      <if test="id != null">
        #{id,jdbcType=BIGINT},
      </if>
      <if test="specificationname != null">
        #{specificationname,jdbcType=VARCHAR},
      </if>
      <if test="createdtime != null">
        #{createdtime,jdbcType=TIMESTAMP},
      </if>
      <if test="createdby != null">
        #{createdby,jdbcType=BIGINT},
      </if>
      <if test="updatetime != null">
        #{updatetime,jdbcType=TIMESTAMP},
      </if>
      <if test="updatedtime != null">
        #{updatedtime,jdbcType=BIGINT},
      </if>
      <if test="paramdata != null">
        #{paramdata,jdbcType=LONGVARCHAR},
      </if>
    </trim>
  </insert>
  <update id="updateByPrimaryKeySelective" parameterType="com.dolphin.pojo.DolphinSpecification">
    update dolphin_specification
    <set>
      <if test="specificationname != null">
        specificationName = #{specificationname,jdbcType=VARCHAR},
      </if>
      <if test="createdtime != null">
        createdTime = #{createdtime,jdbcType=TIMESTAMP},
      </if>
      <if test="createdby != null">
        createdBy = #{createdby,jdbcType=BIGINT},
      </if>
      <if test="updatetime != null">
        updateTime = #{updatetime,jdbcType=TIMESTAMP},
      </if>
      <if test="updatedtime != null">
        updatedTime = #{updatedtime,jdbcType=BIGINT},
      </if>
      <if test="paramdata != null">
        paramData = #{paramdata,jdbcType=LONGVARCHAR},
      </if>
    </set>
    where id = #{id,jdbcType=BIGINT}
  </update>
  <update id="updateByPrimaryKeyWithBLOBs" parameterType="com.dolphin.pojo.DolphinSpecification">
    update dolphin_specification
    set specificationName = #{specificationname,jdbcType=VARCHAR},
      createdTime = #{createdtime,jdbcType=TIMESTAMP},
      createdBy = #{createdby,jdbcType=BIGINT},
      updateTime = #{updatetime,jdbcType=TIMESTAMP},
      updatedTime = #{updatedtime,jdbcType=BIGINT},
      paramData = #{paramdata,jdbcType=LONGVARCHAR}
    where id = #{id,jdbcType=BIGINT}
  </update>
  <update id="updateByPrimaryKey" parameterType="com.dolphin.pojo.DolphinSpecification">
    update dolphin_specification
    set specificationName = #{specificationname,jdbcType=VARCHAR},
      createdTime = #{createdtime,jdbcType=TIMESTAMP},
      createdBy = #{createdby,jdbcType=BIGINT},
      updateTime = #{updatetime,jdbcType=TIMESTAMP},
      updatedTime = #{updatedtime,jdbcType=BIGINT}
    where id = #{id,jdbcType=BIGINT}
  </update>
</mapper>