<?xml version="1.0" encoding="UTF-8"?>
<!DOCTYPE mapper PUBLIC "-//mybatis.org//DTD Mapper 3.0//EN" "http://mybatis.org/dtd/mybatis-3-mapper.dtd">
<mapper namespace="com.dolphin.mapper.DolphinCcMiddleMapper">
  <resultMap id="BaseResultMap" type="com.dolphin.pojo.DolphinCcMiddle">
    <result column="id" jdbcType="BIGINT" property="id" />
    <result column="cartId" jdbcType="BIGINT" property="cartid" />
    <result column="commodityId" jdbcType="BIGINT" property="commodityid" />
  </resultMap>
  <insert id="insert" parameterType="com.dolphin.pojo.DolphinCcMiddle">
    insert into dolphin_cc_middle (id, cartId, commodityId
      )
    values (#{id,jdbcType=BIGINT}, #{cartid,jdbcType=BIGINT}, #{commodityid,jdbcType=BIGINT}
      )
  </insert>
  <insert id="insertSelective" parameterType="com.dolphin.pojo.DolphinCcMiddle">
    insert into dolphin_cc_middle
    <trim prefix="(" suffix=")" suffixOverrides=",">
      <if test="id != null">
        id,
      </if>
      <if test="cartid != null">
        cartId,
      </if>
      <if test="commodityid != null">
        commodityId,
      </if>
    </trim>
    <trim prefix="values (" suffix=")" suffixOverrides=",">
      <if test="id != null">
        #{id,jdbcType=BIGINT},
      </if>
      <if test="cartid != null">
        #{cartid,jdbcType=BIGINT},
      </if>
      <if test="commodityid != null">
        #{commodityid,jdbcType=BIGINT},
      </if>
    </trim>
  </insert>
</mapper>