<?xml version="1.0" encoding="UTF-8"?>
<!DOCTYPE mapper PUBLIC "-//mybatis.org//DTD Mapper 3.0//EN" "http://mybatis.org/dtd/mybatis-3-mapper.dtd">
<mapper namespace="com.dolphin.mapper.DolphinShippingAddressMapper">
  <resultMap id="BaseResultMap" type="com.dolphin.pojo.DolphinShippingAddress">
    <id column="id" jdbcType="BIGINT" property="id" />
    <result column="userId" jdbcType="BIGINT" property="userid" />
    <result column="orderId" jdbcType="BIGINT" property="orderid" />
    <result column="receiverName" jdbcType="VARCHAR" property="receivername" />
    <result column="receiverPhone" jdbcType="VARCHAR" property="receiverphone" />
    <result column="receiverState" jdbcType="VARCHAR" property="receiverstate" />
    <result column="receiverCity" jdbcType="VARCHAR" property="receivercity" />
    <result column="receiverDistrict" jdbcType="VARCHAR" property="receiverdistrict" />
    <result column="receiverAddress" jdbcType="VARCHAR" property="receiveraddress" />
    <result column="receiverPostal" jdbcType="VARCHAR" property="receiverpostal" />
    <result column="createdTime" jdbcType="TIMESTAMP" property="createdtime" />
    <result column="updatedTime" jdbcType="TIMESTAMP" property="updatedtime" />
    <result column="STATUS" jdbcType="INTEGER" property="status" />
  </resultMap>
  <sql id="Base_Column_List">
    id, userId, orderId, receiverName, receiverPhone, receiverState, receiverCity, receiverDistrict, 
    receiverAddress, receiverPostal, createdTime, updatedTime, STATUS
  </sql>
  <select id="selectByPrimaryKey" parameterType="java.lang.Long" resultMap="BaseResultMap">
    select 
    <include refid="Base_Column_List" />
    from dolphin_shipping_address
    where id = #{id,jdbcType=BIGINT}
  </select>
  <delete id="deleteByPrimaryKey" parameterType="java.lang.Long">
    delete from dolphin_shipping_address
    where id = #{id,jdbcType=BIGINT}
  </delete>
  <insert id="insert" parameterType="com.dolphin.pojo.DolphinShippingAddress">
    insert into dolphin_shipping_address (id, userId, orderId, 
      receiverName, receiverPhone, receiverState, 
      receiverCity, receiverDistrict, receiverAddress, 
      receiverPostal, createdTime, updatedTime, 
      STATUS)
    values (#{id,jdbcType=BIGINT}, #{userid,jdbcType=BIGINT}, #{orderid,jdbcType=BIGINT}, 
      #{receivername,jdbcType=VARCHAR}, #{receiverphone,jdbcType=VARCHAR}, #{receiverstate,jdbcType=VARCHAR}, 
      #{receivercity,jdbcType=VARCHAR}, #{receiverdistrict,jdbcType=VARCHAR}, #{receiveraddress,jdbcType=VARCHAR}, 
      #{receiverpostal,jdbcType=VARCHAR}, #{createdtime,jdbcType=TIMESTAMP}, #{updatedtime,jdbcType=TIMESTAMP}, 
      #{status,jdbcType=INTEGER})
  </insert>
  <insert id="insertSelective" parameterType="com.dolphin.pojo.DolphinShippingAddress">
    insert into dolphin_shipping_address
    <trim prefix="(" suffix=")" suffixOverrides=",">
      <if test="id != null">
        id,
      </if>
      <if test="userid != null">
        userId,
      </if>
      <if test="orderid != null">
        orderId,
      </if>
      <if test="receivername != null">
        receiverName,
      </if>
      <if test="receiverphone != null">
        receiverPhone,
      </if>
      <if test="receiverstate != null">
        receiverState,
      </if>
      <if test="receivercity != null">
        receiverCity,
      </if>
      <if test="receiverdistrict != null">
        receiverDistrict,
      </if>
      <if test="receiveraddress != null">
        receiverAddress,
      </if>
      <if test="receiverpostal != null">
        receiverPostal,
      </if>
      <if test="createdtime != null">
        createdTime,
      </if>
      <if test="updatedtime != null">
        updatedTime,
      </if>
      <if test="status != null">
        STATUS,
      </if>
    </trim>
    <trim prefix="values (" suffix=")" suffixOverrides=",">
      <if test="id != null">
        #{id,jdbcType=BIGINT},
      </if>
      <if test="userid != null">
        #{userid,jdbcType=BIGINT},
      </if>
      <if test="orderid != null">
        #{orderid,jdbcType=BIGINT},
      </if>
      <if test="receivername != null">
        #{receivername,jdbcType=VARCHAR},
      </if>
      <if test="receiverphone != null">
        #{receiverphone,jdbcType=VARCHAR},
      </if>
      <if test="receiverstate != null">
        #{receiverstate,jdbcType=VARCHAR},
      </if>
      <if test="receivercity != null">
        #{receivercity,jdbcType=VARCHAR},
      </if>
      <if test="receiverdistrict != null">
        #{receiverdistrict,jdbcType=VARCHAR},
      </if>
      <if test="receiveraddress != null">
        #{receiveraddress,jdbcType=VARCHAR},
      </if>
      <if test="receiverpostal != null">
        #{receiverpostal,jdbcType=VARCHAR},
      </if>
      <if test="createdtime != null">
        #{createdtime,jdbcType=TIMESTAMP},
      </if>
      <if test="updatedtime != null">
        #{updatedtime,jdbcType=TIMESTAMP},
      </if>
      <if test="status != null">
        #{status,jdbcType=INTEGER},
      </if>
    </trim>
  </insert>
  <update id="updateByPrimaryKeySelective" parameterType="com.dolphin.pojo.DolphinShippingAddress">
    update dolphin_shipping_address
    <set>
      <if test="userid != null">
        userId = #{userid,jdbcType=BIGINT},
      </if>
      <if test="orderid != null">
        orderId = #{orderid,jdbcType=BIGINT},
      </if>
      <if test="receivername != null">
        receiverName = #{receivername,jdbcType=VARCHAR},
      </if>
      <if test="receiverphone != null">
        receiverPhone = #{receiverphone,jdbcType=VARCHAR},
      </if>
      <if test="receiverstate != null">
        receiverState = #{receiverstate,jdbcType=VARCHAR},
      </if>
      <if test="receivercity != null">
        receiverCity = #{receivercity,jdbcType=VARCHAR},
      </if>
      <if test="receiverdistrict != null">
        receiverDistrict = #{receiverdistrict,jdbcType=VARCHAR},
      </if>
      <if test="receiveraddress != null">
        receiverAddress = #{receiveraddress,jdbcType=VARCHAR},
      </if>
      <if test="receiverpostal != null">
        receiverPostal = #{receiverpostal,jdbcType=VARCHAR},
      </if>
      <if test="createdtime != null">
        createdTime = #{createdtime,jdbcType=TIMESTAMP},
      </if>
      <if test="updatedtime != null">
        updatedTime = #{updatedtime,jdbcType=TIMESTAMP},
      </if>
      <if test="status != null">
        STATUS = #{status,jdbcType=INTEGER},
      </if>
    </set>
    where id = #{id,jdbcType=BIGINT}
  </update>
  <update id="updateByPrimaryKey" parameterType="com.dolphin.pojo.DolphinShippingAddress">
    update dolphin_shipping_address
    set userId = #{userid,jdbcType=BIGINT},
      orderId = #{orderid,jdbcType=BIGINT},
      receiverName = #{receivername,jdbcType=VARCHAR},
      receiverPhone = #{receiverphone,jdbcType=VARCHAR},
      receiverState = #{receiverstate,jdbcType=VARCHAR},
      receiverCity = #{receivercity,jdbcType=VARCHAR},
      receiverDistrict = #{receiverdistrict,jdbcType=VARCHAR},
      receiverAddress = #{receiveraddress,jdbcType=VARCHAR},
      receiverPostal = #{receiverpostal,jdbcType=VARCHAR},
      createdTime = #{createdtime,jdbcType=TIMESTAMP},
      updatedTime = #{updatedtime,jdbcType=TIMESTAMP},
      STATUS = #{status,jdbcType=INTEGER}
    where id = #{id,jdbcType=BIGINT}
  </update>
</mapper>