<?xml version="1.0" encoding="UTF-8"?>
<!DOCTYPE mapper PUBLIC "-//mybatis.org//DTD Mapper 3.0//EN" "http://mybatis.org/dtd/mybatis-3-mapper.dtd">
<mapper namespace="com.dolphin.mapper.DolphinCategoryMapper">
  <resultMap id="BaseResultMap" type="com.dolphin.pojo.DolphinCategory">
    <id column="id" jdbcType="BIGINT" property="id" />
    <result column="parentId" jdbcType="BIGINT" property="parentid" />
    <result column="NAME" jdbcType="VARCHAR" property="name" />
    <result column="STATUS" jdbcType="INTEGER" property="status" />
    <result column="sort" jdbcType="INTEGER" property="sort" />
    <result column="isParent" jdbcType="BIT" property="isparent" />
    <result column="createdTime" jdbcType="TIMESTAMP" property="createdtime" />
    <result column="createdBy" jdbcType="BIGINT" property="createdby" />
    <result column="updateTime" jdbcType="TIMESTAMP" property="updatetime" />
    <result column="updatedTime" jdbcType="BIGINT" property="updatedtime" />
  </resultMap>
  <sql id="Base_Column_List">
    id, parentId, NAME, STATUS, sort, isParent, createdTime, createdBy, updateTime, updatedTime
  </sql>
  <select id="selectByPrimaryKey" parameterType="java.lang.Long" resultMap="BaseResultMap">
    select 
    <include refid="Base_Column_List" />
    from dolphin_category
    where id = #{id,jdbcType=BIGINT}
  </select>
  <delete id="deleteByPrimaryKey" parameterType="java.lang.Long">
    delete from dolphin_category
    where id = #{id,jdbcType=BIGINT}
  </delete>
  <insert id="insert" parameterType="com.dolphin.pojo.DolphinCategory">
    insert into dolphin_category (id, parentId, NAME, 
      STATUS, sort, isParent, 
      createdTime, createdBy, updateTime, 
      updatedTime)
    values (#{id,jdbcType=BIGINT}, #{parentid,jdbcType=BIGINT}, #{name,jdbcType=VARCHAR}, 
      #{status,jdbcType=INTEGER}, #{sort,jdbcType=INTEGER}, #{isparent,jdbcType=BIT}, 
      #{createdtime,jdbcType=TIMESTAMP}, #{createdby,jdbcType=BIGINT}, #{updatetime,jdbcType=TIMESTAMP}, 
      #{updatedtime,jdbcType=BIGINT})
  </insert>
  <insert id="insertSelective" parameterType="com.dolphin.pojo.DolphinCategory">
    insert into dolphin_category
    <trim prefix="(" suffix=")" suffixOverrides=",">
      <if test="id != null">
        id,
      </if>
      <if test="parentid != null">
        parentId,
      </if>
      <if test="name != null">
        NAME,
      </if>
      <if test="status != null">
        STATUS,
      </if>
      <if test="sort != null">
        sort,
      </if>
      <if test="isparent != null">
        isParent,
      </if>
      <if test="createdtime != null">
        createdTime,
      </if>
      <if test="createdby != null">
        createdBy,
      </if>
      <if test="updatetime != null">
        updateTime,
      </if>
      <if test="updatedtime != null">
        updatedTime,
      </if>
    </trim>
    <trim prefix="values (" suffix=")" suffixOverrides=",">
      <if test="id != null">
        #{id,jdbcType=BIGINT},
      </if>
      <if test="parentid != null">
        #{parentid,jdbcType=BIGINT},
      </if>
      <if test="name != null">
        #{name,jdbcType=VARCHAR},
      </if>
      <if test="status != null">
        #{status,jdbcType=INTEGER},
      </if>
      <if test="sort != null">
        #{sort,jdbcType=INTEGER},
      </if>
      <if test="isparent != null">
        #{isparent,jdbcType=BIT},
      </if>
      <if test="createdtime != null">
        #{createdtime,jdbcType=TIMESTAMP},
      </if>
      <if test="createdby != null">
        #{createdby,jdbcType=BIGINT},
      </if>
      <if test="updatetime != null">
        #{updatetime,jdbcType=TIMESTAMP},
      </if>
      <if test="updatedtime != null">
        #{updatedtime,jdbcType=BIGINT},
      </if>
    </trim>
  </insert>
  <update id="updateByPrimaryKeySelective" parameterType="com.dolphin.pojo.DolphinCategory">
    update dolphin_category
    <set>
      <if test="parentid != null">
        parentId = #{parentid,jdbcType=BIGINT},
      </if>
      <if test="name != null">
        NAME = #{name,jdbcType=VARCHAR},
      </if>
      <if test="status != null">
        STATUS = #{status,jdbcType=INTEGER},
      </if>
      <if test="sort != null">
        sort = #{sort,jdbcType=INTEGER},
      </if>
      <if test="isparent != null">
        isParent = #{isparent,jdbcType=BIT},
      </if>
      <if test="createdtime != null">
        createdTime = #{createdtime,jdbcType=TIMESTAMP},
      </if>
      <if test="createdby != null">
        createdBy = #{createdby,jdbcType=BIGINT},
      </if>
      <if test="updatetime != null">
        updateTime = #{updatetime,jdbcType=TIMESTAMP},
      </if>
      <if test="updatedtime != null">
        updatedTime = #{updatedtime,jdbcType=BIGINT},
      </if>
    </set>
    where id = #{id,jdbcType=BIGINT}
  </update>
  <update id="updateByPrimaryKey" parameterType="com.dolphin.pojo.DolphinCategory">
    update dolphin_category
    set parentId = #{parentid,jdbcType=BIGINT},
      NAME = #{name,jdbcType=VARCHAR},
      STATUS = #{status,jdbcType=INTEGER},
      sort = #{sort,jdbcType=INTEGER},
      isParent = #{isparent,jdbcType=BIT},
      createdTime = #{createdtime,jdbcType=TIMESTAMP},
      createdBy = #{createdby,jdbcType=BIGINT},
      updateTime = #{updatetime,jdbcType=TIMESTAMP},
      updatedTime = #{updatedtime,jdbcType=BIGINT}
    where id = #{id,jdbcType=BIGINT}
  </update>
</mapper>