<?xml version="1.0" encoding="UTF-8"?>
<!DOCTYPE mapper PUBLIC "-//mybatis.org//DTD Mapper 3.0//EN" "http://mybatis.org/dtd/mybatis-3-mapper.dtd">
<mapper namespace="com.dolphin.mapper.DolphinDiscussMapper">
  <resultMap id="BaseResultMap" type="com.dolphin.pojo.DolphinDiscuss">
    <id column="orderId" jdbcType="BIGINT" property="orderid" />
    <result column="userId" jdbcType="BIGINT" property="userid" />
    <result column="buyerMessage" jdbcType="VARCHAR" property="buyermessage" />
    <result column="buyerNick" jdbcType="VARCHAR" property="buyernick" />
    <result column="buyerRate" jdbcType="INTEGER" property="buyerrate" />
    <result column="imageUrl" jdbcType="VARCHAR" property="imageurl" />
    <result column="discussTime" jdbcType="TIMESTAMP" property="discusstime" />
    <result column="discussTitle" jdbcType="VARCHAR" property="discusstitle" />
    <result column="discussLabel" jdbcType="VARCHAR" property="discusslabel" />
  </resultMap>
  <sql id="Base_Column_List">
    orderId, userId, buyerMessage, buyerNick, buyerRate, imageUrl, discussTime, discussTitle, 
    discussLabel
  </sql>
  <select id="selectByPrimaryKey" parameterType="java.lang.Long" resultMap="BaseResultMap">
    select 
    <include refid="Base_Column_List" />
    from dolphin_discuss
    where orderId = #{orderid,jdbcType=BIGINT}
  </select>
  <delete id="deleteByPrimaryKey" parameterType="java.lang.Long">
    delete from dolphin_discuss
    where orderId = #{orderid,jdbcType=BIGINT}
  </delete>
  <insert id="insert" parameterType="com.dolphin.pojo.DolphinDiscuss">
    insert into dolphin_discuss (orderId, userId, buyerMessage, 
      buyerNick, buyerRate, imageUrl, 
      discussTime, discussTitle, discussLabel
      )
    values (#{orderid,jdbcType=BIGINT}, #{userid,jdbcType=BIGINT}, #{buyermessage,jdbcType=VARCHAR}, 
      #{buyernick,jdbcType=VARCHAR}, #{buyerrate,jdbcType=INTEGER}, #{imageurl,jdbcType=VARCHAR}, 
      #{discusstime,jdbcType=TIMESTAMP}, #{discusstitle,jdbcType=VARCHAR}, #{discusslabel,jdbcType=VARCHAR}
      )
  </insert>
  <insert id="insertSelective" parameterType="com.dolphin.pojo.DolphinDiscuss">
    insert into dolphin_discuss
    <trim prefix="(" suffix=")" suffixOverrides=",">
      <if test="orderid != null">
        orderId,
      </if>
      <if test="userid != null">
        userId,
      </if>
      <if test="buyermessage != null">
        buyerMessage,
      </if>
      <if test="buyernick != null">
        buyerNick,
      </if>
      <if test="buyerrate != null">
        buyerRate,
      </if>
      <if test="imageurl != null">
        imageUrl,
      </if>
      <if test="discusstime != null">
        discussTime,
      </if>
      <if test="discusstitle != null">
        discussTitle,
      </if>
      <if test="discusslabel != null">
        discussLabel,
      </if>
    </trim>
    <trim prefix="values (" suffix=")" suffixOverrides=",">
      <if test="orderid != null">
        #{orderid,jdbcType=BIGINT},
      </if>
      <if test="userid != null">
        #{userid,jdbcType=BIGINT},
      </if>
      <if test="buyermessage != null">
        #{buyermessage,jdbcType=VARCHAR},
      </if>
      <if test="buyernick != null">
        #{buyernick,jdbcType=VARCHAR},
      </if>
      <if test="buyerrate != null">
        #{buyerrate,jdbcType=INTEGER},
      </if>
      <if test="imageurl != null">
        #{imageurl,jdbcType=VARCHAR},
      </if>
      <if test="discusstime != null">
        #{discusstime,jdbcType=TIMESTAMP},
      </if>
      <if test="discusstitle != null">
        #{discusstitle,jdbcType=VARCHAR},
      </if>
      <if test="discusslabel != null">
        #{discusslabel,jdbcType=VARCHAR},
      </if>
    </trim>
  </insert>
  <update id="updateByPrimaryKeySelective" parameterType="com.dolphin.pojo.DolphinDiscuss">
    update dolphin_discuss
    <set>
      <if test="userid != null">
        userId = #{userid,jdbcType=BIGINT},
      </if>
      <if test="buyermessage != null">
        buyerMessage = #{buyermessage,jdbcType=VARCHAR},
      </if>
      <if test="buyernick != null">
        buyerNick = #{buyernick,jdbcType=VARCHAR},
      </if>
      <if test="buyerrate != null">
        buyerRate = #{buyerrate,jdbcType=INTEGER},
      </if>
      <if test="imageurl != null">
        imageUrl = #{imageurl,jdbcType=VARCHAR},
      </if>
      <if test="discusstime != null">
        discussTime = #{discusstime,jdbcType=TIMESTAMP},
      </if>
      <if test="discusstitle != null">
        discussTitle = #{discusstitle,jdbcType=VARCHAR},
      </if>
      <if test="discusslabel != null">
        discussLabel = #{discusslabel,jdbcType=VARCHAR},
      </if>
    </set>
    where orderId = #{orderid,jdbcType=BIGINT}
  </update>
  <update id="updateByPrimaryKey" parameterType="com.dolphin.pojo.DolphinDiscuss">
    update dolphin_discuss
    set userId = #{userid,jdbcType=BIGINT},
      buyerMessage = #{buyermessage,jdbcType=VARCHAR},
      buyerNick = #{buyernick,jdbcType=VARCHAR},
      buyerRate = #{buyerrate,jdbcType=INTEGER},
      imageUrl = #{imageurl,jdbcType=VARCHAR},
      discussTime = #{discusstime,jdbcType=TIMESTAMP},
      discussTitle = #{discusstitle,jdbcType=VARCHAR},
      discussLabel = #{discusslabel,jdbcType=VARCHAR}
    where orderId = #{orderid,jdbcType=BIGINT}
  </update>
</mapper>