<?xml version="1.0" encoding="UTF-8"?>
<!DOCTYPE mapper PUBLIC "-//mybatis.org//DTD Mapper 3.0//EN" "http://mybatis.org/dtd/mybatis-3-mapper.dtd">
<mapper namespace="com.dolphin.mapper.DolphinCsMiddleMapper">
  <resultMap id="BaseResultMap" type="com.dolphin.pojo.DolphinCsMiddle">
    <id column="id" jdbcType="BIGINT" property="id" />
    <result column="categoryId" jdbcType="BIGINT" property="categoryid" />
    <result column="specificationId" jdbcType="BIGINT" property="specificationid" />
  </resultMap>
  <sql id="Base_Column_List">
    id, categoryId, specificationId
  </sql>
  <select id="selectByPrimaryKey" parameterType="java.lang.Long" resultMap="BaseResultMap">
    select 
    <include refid="Base_Column_List" />
    from dolphin_cs_middle
    where id = #{id,jdbcType=BIGINT}
  </select>
  <delete id="deleteByPrimaryKey" parameterType="java.lang.Long">
    delete from dolphin_cs_middle
    where id = #{id,jdbcType=BIGINT}
  </delete>
  <insert id="insert" parameterType="com.dolphin.pojo.DolphinCsMiddle">
    insert into dolphin_cs_middle (id, categoryId, specificationId
      )
    values (#{id,jdbcType=BIGINT}, #{categoryid,jdbcType=BIGINT}, #{specificationid,jdbcType=BIGINT}
      )
  </insert>
  <insert id="insertSelective" parameterType="com.dolphin.pojo.DolphinCsMiddle">
    insert into dolphin_cs_middle
    <trim prefix="(" suffix=")" suffixOverrides=",">
      <if test="id != null">
        id,
      </if>
      <if test="categoryid != null">
        categoryId,
      </if>
      <if test="specificationid != null">
        specificationId,
      </if>
    </trim>
    <trim prefix="values (" suffix=")" suffixOverrides=",">
      <if test="id != null">
        #{id,jdbcType=BIGINT},
      </if>
      <if test="categoryid != null">
        #{categoryid,jdbcType=BIGINT},
      </if>
      <if test="specificationid != null">
        #{specificationid,jdbcType=BIGINT},
      </if>
    </trim>
  </insert>
  <update id="updateByPrimaryKeySelective" parameterType="com.dolphin.pojo.DolphinCsMiddle">
    update dolphin_cs_middle
    <set>
      <if test="categoryid != null">
        categoryId = #{categoryid,jdbcType=BIGINT},
      </if>
      <if test="specificationid != null">
        specificationId = #{specificationid,jdbcType=BIGINT},
      </if>
    </set>
    where id = #{id,jdbcType=BIGINT}
  </update>
  <update id="updateByPrimaryKey" parameterType="com.dolphin.pojo.DolphinCsMiddle">
    update dolphin_cs_middle
    set categoryId = #{categoryid,jdbcType=BIGINT},
      specificationId = #{specificationid,jdbcType=BIGINT}
    where id = #{id,jdbcType=BIGINT}
  </update>
</mapper>