<?xml version="1.0" encoding="UTF-8"?>
<!DOCTYPE mapper PUBLIC "-//mybatis.org//DTD Mapper 3.0//EN" "http://mybatis.org/dtd/mybatis-3-mapper.dtd">
<mapper namespace="com.dolphin.mapper.DolphinUserMapper">
  <resultMap id="BaseResultMap" type="com.dolphin.pojo.DolphinUser">
    <id column="id" jdbcType="BIGINT" property="id" />
    <result column="imageUrl" jdbcType="VARCHAR" property="imageurl" />
    <result column="nickname" jdbcType="VARCHAR" property="nickname" />
    <result column="sex" jdbcType="INTEGER" property="sex" />
    <result column="phone" jdbcType="VARCHAR" property="phone" />
    <result column="PASSWORD" jdbcType="VARCHAR" property="password" />
    <result column="roleId" jdbcType="BIGINT" property="roleid" />
    <result column="STATUS" jdbcType="VARCHAR" property="status" />
    <result column="LEVEL" jdbcType="INTEGER" property="level" />
    <result column="email" jdbcType="VARCHAR" property="email" />
    <result column="IDcard" jdbcType="VARCHAR" property="idcard" />
    <result column="dolphinCoin" jdbcType="INTEGER" property="dolphincoin" />
    <result column="createdTime" jdbcType="TIMESTAMP" property="createdtime" />
    <result column="updatedTime" jdbcType="TIMESTAMP" property="updatedtime" />
    <result column="loginTime" jdbcType="TIMESTAMP" property="logintime" />
    <result column="offlineTime" jdbcType="TIMESTAMP" property="offlinetime" />
  </resultMap>
  <sql id="Base_Column_List">
    id, imageUrl, nickname, sex, phone, PASSWORD, roleId, STATUS, LEVEL, email, IDcard, 
    dolphinCoin, createdTime, updatedTime, loginTime, offlineTime
  </sql>
  <select id="selectByPrimaryKey" parameterType="java.lang.Long" resultMap="BaseResultMap">
    select 
    <include refid="Base_Column_List" />
    from dolphin_user
    where id = #{id,jdbcType=BIGINT}
  </select>
  <delete id="deleteByPrimaryKey" parameterType="java.lang.Long">
    delete from dolphin_user
    where id = #{id,jdbcType=BIGINT}
  </delete>
  <insert id="insert" parameterType="com.dolphin.pojo.DolphinUser">
    insert into dolphin_user (id, imageUrl, nickname, 
      sex, phone, PASSWORD, 
      roleId, STATUS, LEVEL, 
      email, IDcard, dolphinCoin, 
      createdTime, updatedTime, loginTime, 
      offlineTime)
    values (#{id,jdbcType=BIGINT}, #{imageurl,jdbcType=VARCHAR}, #{nickname,jdbcType=VARCHAR}, 
      #{sex,jdbcType=INTEGER}, #{phone,jdbcType=VARCHAR}, #{password,jdbcType=VARCHAR}, 
      #{roleid,jdbcType=BIGINT}, #{status,jdbcType=VARCHAR}, #{level,jdbcType=INTEGER}, 
      #{email,jdbcType=VARCHAR}, #{idcard,jdbcType=VARCHAR}, #{dolphincoin,jdbcType=INTEGER}, 
      #{createdtime,jdbcType=TIMESTAMP}, #{updatedtime,jdbcType=TIMESTAMP}, #{logintime,jdbcType=TIMESTAMP}, 
      #{offlinetime,jdbcType=TIMESTAMP})
  </insert>
  <insert id="insertSelective" parameterType="com.dolphin.pojo.DolphinUser">
    insert into dolphin_user
    <trim prefix="(" suffix=")" suffixOverrides=",">
      <if test="id != null">
        id,
      </if>
      <if test="imageurl != null">
        imageUrl,
      </if>
      <if test="nickname != null">
        nickname,
      </if>
      <if test="sex != null">
        sex,
      </if>
      <if test="phone != null">
        phone,
      </if>
      <if test="password != null">
        PASSWORD,
      </if>
      <if test="roleid != null">
        roleId,
      </if>
      <if test="status != null">
        STATUS,
      </if>
      <if test="level != null">
        LEVEL,
      </if>
      <if test="email != null">
        email,
      </if>
      <if test="idcard != null">
        IDcard,
      </if>
      <if test="dolphincoin != null">
        dolphinCoin,
      </if>
      <if test="createdtime != null">
        createdTime,
      </if>
      <if test="updatedtime != null">
        updatedTime,
      </if>
      <if test="logintime != null">
        loginTime,
      </if>
      <if test="offlinetime != null">
        offlineTime,
      </if>
    </trim>
    <trim prefix="values (" suffix=")" suffixOverrides=",">
      <if test="id != null">
        #{id,jdbcType=BIGINT},
      </if>
      <if test="imageurl != null">
        #{imageurl,jdbcType=VARCHAR},
      </if>
      <if test="nickname != null">
        #{nickname,jdbcType=VARCHAR},
      </if>
      <if test="sex != null">
        #{sex,jdbcType=INTEGER},
      </if>
      <if test="phone != null">
        #{phone,jdbcType=VARCHAR},
      </if>
      <if test="password != null">
        #{password,jdbcType=VARCHAR},
      </if>
      <if test="roleid != null">
        #{roleid,jdbcType=BIGINT},
      </if>
      <if test="status != null">
        #{status,jdbcType=VARCHAR},
      </if>
      <if test="level != null">
        #{level,jdbcType=INTEGER},
      </if>
      <if test="email != null">
        #{email,jdbcType=VARCHAR},
      </if>
      <if test="idcard != null">
        #{idcard,jdbcType=VARCHAR},
      </if>
      <if test="dolphincoin != null">
        #{dolphincoin,jdbcType=INTEGER},
      </if>
      <if test="createdtime != null">
        #{createdtime,jdbcType=TIMESTAMP},
      </if>
      <if test="updatedtime != null">
        #{updatedtime,jdbcType=TIMESTAMP},
      </if>
      <if test="logintime != null">
        #{logintime,jdbcType=TIMESTAMP},
      </if>
      <if test="offlinetime != null">
        #{offlinetime,jdbcType=TIMESTAMP},
      </if>
    </trim>
  </insert>
  <update id="updateByPrimaryKeySelective" parameterType="com.dolphin.pojo.DolphinUser">
    update dolphin_user
    <set>
      <if test="imageurl != null">
        imageUrl = #{imageurl,jdbcType=VARCHAR},
      </if>
      <if test="nickname != null">
        nickname = #{nickname,jdbcType=VARCHAR},
      </if>
      <if test="sex != null">
        sex = #{sex,jdbcType=INTEGER},
      </if>
      <if test="phone != null">
        phone = #{phone,jdbcType=VARCHAR},
      </if>
      <if test="password != null">
        PASSWORD = #{password,jdbcType=VARCHAR},
      </if>
      <if test="roleid != null">
        roleId = #{roleid,jdbcType=BIGINT},
      </if>
      <if test="status != null">
        STATUS = #{status,jdbcType=VARCHAR},
      </if>
      <if test="level != null">
        LEVEL = #{level,jdbcType=INTEGER},
      </if>
      <if test="email != null">
        email = #{email,jdbcType=VARCHAR},
      </if>
      <if test="idcard != null">
        IDcard = #{idcard,jdbcType=VARCHAR},
      </if>
      <if test="dolphincoin != null">
        dolphinCoin = #{dolphincoin,jdbcType=INTEGER},
      </if>
      <if test="createdtime != null">
        createdTime = #{createdtime,jdbcType=TIMESTAMP},
      </if>
      <if test="updatedtime != null">
        updatedTime = #{updatedtime,jdbcType=TIMESTAMP},
      </if>
      <if test="logintime != null">
        loginTime = #{logintime,jdbcType=TIMESTAMP},
      </if>
      <if test="offlinetime != null">
        offlineTime = #{offlinetime,jdbcType=TIMESTAMP},
      </if>
    </set>
    where id = #{id,jdbcType=BIGINT}
  </update>
  <update id="updateByPrimaryKey" parameterType="com.dolphin.pojo.DolphinUser">
    update dolphin_user
    set imageUrl = #{imageurl,jdbcType=VARCHAR},
      nickname = #{nickname,jdbcType=VARCHAR},
      sex = #{sex,jdbcType=INTEGER},
      phone = #{phone,jdbcType=VARCHAR},
      PASSWORD = #{password,jdbcType=VARCHAR},
      roleId = #{roleid,jdbcType=BIGINT},
      STATUS = #{status,jdbcType=VARCHAR},
      LEVEL = #{level,jdbcType=INTEGER},
      email = #{email,jdbcType=VARCHAR},
      IDcard = #{idcard,jdbcType=VARCHAR},
      dolphinCoin = #{dolphincoin,jdbcType=INTEGER},
      createdTime = #{createdtime,jdbcType=TIMESTAMP},
      updatedTime = #{updatedtime,jdbcType=TIMESTAMP},
      loginTime = #{logintime,jdbcType=TIMESTAMP},
      offlineTime = #{offlinetime,jdbcType=TIMESTAMP}
    where id = #{id,jdbcType=BIGINT}
  </update>
  
  <!-- 账号密码登录  -->
    <select id="dologin" resultType="com.dolphin.pojo.DolphinUser">
       select 
       <include refid="Base_Column_List"></include>
        from dolphin_user where phone = #{phone} and password=#{password}
    </select>
  <!-- 查询是否有这用户 -->
  <select id="selectUser" resultType="com.dolphin.pojo.DolphinUser">
       select
       <include refid="Base_Column_List"></include>
       from dolphin_user where phone =#{phone}
  </select>
</mapper>