<?xml version="1.0" encoding="UTF-8"?>
<!DOCTYPE mapper PUBLIC "-//mybatis.org//DTD Mapper 3.0//EN" "http://mybatis.org/dtd/mybatis-3-mapper.dtd">
<mapper namespace="com.dolphin.mapper.DolphinProviderMapper">
  <resultMap id="BaseResultMap" type="com.dolphin.pojo.DolphinProvider">
    <id column="id" jdbcType="BIGINT" property="id" />
    <result column="providerName" jdbcType="VARCHAR" property="providername" />
    <result column="providerTitle" jdbcType="VARCHAR" property="providertitle" />
    <result column="supplierDescription" jdbcType="VARCHAR" property="supplierdescription" />
    <result column="ImageUrl" jdbcType="VARCHAR" property="imageurl" />
    <result column="mainProducts" jdbcType="VARCHAR" property="mainproducts" />
    <result column="countryId" jdbcType="BIGINT" property="countryid" />
    <result column="address" jdbcType="VARCHAR" property="address" />
    <result column="providerImageUrl" jdbcType="VARCHAR" property="providerimageurl" />
    <result column="slogan" jdbcType="VARCHAR" property="slogan" />
    <result column="supplierBarCode" jdbcType="VARCHAR" property="supplierbarcode" />
    <result column="createdTime" jdbcType="TIMESTAMP" property="createdtime" />
    <result column="createdBy" jdbcType="BIGINT" property="createdby" />
    <result column="updatedTime" jdbcType="TIMESTAMP" property="updatedtime" />
    <result column="updateBy" jdbcType="BIGINT" property="updateby" />
    <result column="foreignName" jdbcType="VARCHAR" property="foreignname" />
  </resultMap>
  <sql id="Base_Column_List">
    id, providerName, providerTitle, supplierDescription, ImageUrl, mainProducts, countryId, 
    address, providerImageUrl, slogan, supplierBarCode, createdTime, createdBy, updatedTime, 
    updateBy, foreignName
  </sql>
  <select id="selectByPrimaryKey" parameterType="java.lang.Long" resultMap="BaseResultMap">
    select 
    <include refid="Base_Column_List" />
    from dolphin_provider
    where id = #{id,jdbcType=BIGINT}
  </select>
  <delete id="deleteByPrimaryKey" parameterType="java.lang.Long">
    delete from dolphin_provider
    where id = #{id,jdbcType=BIGINT}
  </delete>
  <insert id="insert" parameterType="com.dolphin.pojo.DolphinProvider">
    insert into dolphin_provider (id, providerName, providerTitle, 
      supplierDescription, ImageUrl, mainProducts, 
      countryId, address, providerImageUrl, 
      slogan, supplierBarCode, createdTime, 
      createdBy, updatedTime, updateBy, 
      foreignName)
    values (#{id,jdbcType=BIGINT}, #{providername,jdbcType=VARCHAR}, #{providertitle,jdbcType=VARCHAR}, 
      #{supplierdescription,jdbcType=VARCHAR}, #{imageurl,jdbcType=VARCHAR}, #{mainproducts,jdbcType=VARCHAR}, 
      #{countryid,jdbcType=BIGINT}, #{address,jdbcType=VARCHAR}, #{providerimageurl,jdbcType=VARCHAR}, 
      #{slogan,jdbcType=VARCHAR}, #{supplierbarcode,jdbcType=VARCHAR}, #{createdtime,jdbcType=TIMESTAMP}, 
      #{createdby,jdbcType=BIGINT}, #{updatedtime,jdbcType=TIMESTAMP}, #{updateby,jdbcType=BIGINT}, 
      #{foreignname,jdbcType=VARCHAR})
  </insert>
  <insert id="insertSelective" parameterType="com.dolphin.pojo.DolphinProvider">
    insert into dolphin_provider
    <trim prefix="(" suffix=")" suffixOverrides=",">
      <if test="id != null">
        id,
      </if>
      <if test="providername != null">
        providerName,
      </if>
      <if test="providertitle != null">
        providerTitle,
      </if>
      <if test="supplierdescription != null">
        supplierDescription,
      </if>
      <if test="imageurl != null">
        ImageUrl,
      </if>
      <if test="mainproducts != null">
        mainProducts,
      </if>
      <if test="countryid != null">
        countryId,
      </if>
      <if test="address != null">
        address,
      </if>
      <if test="providerimageurl != null">
        providerImageUrl,
      </if>
      <if test="slogan != null">
        slogan,
      </if>
      <if test="supplierbarcode != null">
        supplierBarCode,
      </if>
      <if test="createdtime != null">
        createdTime,
      </if>
      <if test="createdby != null">
        createdBy,
      </if>
      <if test="updatedtime != null">
        updatedTime,
      </if>
      <if test="updateby != null">
        updateBy,
      </if>
      <if test="foreignname != null">
        foreignName,
      </if>
    </trim>
    <trim prefix="values (" suffix=")" suffixOverrides=",">
      <if test="id != null">
        #{id,jdbcType=BIGINT},
      </if>
      <if test="providername != null">
        #{providername,jdbcType=VARCHAR},
      </if>
      <if test="providertitle != null">
        #{providertitle,jdbcType=VARCHAR},
      </if>
      <if test="supplierdescription != null">
        #{supplierdescription,jdbcType=VARCHAR},
      </if>
      <if test="imageurl != null">
        #{imageurl,jdbcType=VARCHAR},
      </if>
      <if test="mainproducts != null">
        #{mainproducts,jdbcType=VARCHAR},
      </if>
      <if test="countryid != null">
        #{countryid,jdbcType=BIGINT},
      </if>
      <if test="address != null">
        #{address,jdbcType=VARCHAR},
      </if>
      <if test="providerimageurl != null">
        #{providerimageurl,jdbcType=VARCHAR},
      </if>
      <if test="slogan != null">
        #{slogan,jdbcType=VARCHAR},
      </if>
      <if test="supplierbarcode != null">
        #{supplierbarcode,jdbcType=VARCHAR},
      </if>
      <if test="createdtime != null">
        #{createdtime,jdbcType=TIMESTAMP},
      </if>
      <if test="createdby != null">
        #{createdby,jdbcType=BIGINT},
      </if>
      <if test="updatedtime != null">
        #{updatedtime,jdbcType=TIMESTAMP},
      </if>
      <if test="updateby != null">
        #{updateby,jdbcType=BIGINT},
      </if>
      <if test="foreignname != null">
        #{foreignname,jdbcType=VARCHAR},
      </if>
    </trim>
  </insert>
  <update id="updateByPrimaryKeySelective" parameterType="com.dolphin.pojo.DolphinProvider">
    update dolphin_provider
    <set>
      <if test="providername != null">
        providerName = #{providername,jdbcType=VARCHAR},
      </if>
      <if test="providertitle != null">
        providerTitle = #{providertitle,jdbcType=VARCHAR},
      </if>
      <if test="supplierdescription != null">
        supplierDescription = #{supplierdescription,jdbcType=VARCHAR},
      </if>
      <if test="imageurl != null">
        ImageUrl = #{imageurl,jdbcType=VARCHAR},
      </if>
      <if test="mainproducts != null">
        mainProducts = #{mainproducts,jdbcType=VARCHAR},
      </if>
      <if test="countryid != null">
        countryId = #{countryid,jdbcType=BIGINT},
      </if>
      <if test="address != null">
        address = #{address,jdbcType=VARCHAR},
      </if>
      <if test="providerimageurl != null">
        providerImageUrl = #{providerimageurl,jdbcType=VARCHAR},
      </if>
      <if test="slogan != null">
        slogan = #{slogan,jdbcType=VARCHAR},
      </if>
      <if test="supplierbarcode != null">
        supplierBarCode = #{supplierbarcode,jdbcType=VARCHAR},
      </if>
      <if test="createdtime != null">
        createdTime = #{createdtime,jdbcType=TIMESTAMP},
      </if>
      <if test="createdby != null">
        createdBy = #{createdby,jdbcType=BIGINT},
      </if>
      <if test="updatedtime != null">
        updatedTime = #{updatedtime,jdbcType=TIMESTAMP},
      </if>
      <if test="updateby != null">
        updateBy = #{updateby,jdbcType=BIGINT},
      </if>
      <if test="foreignname != null">
        foreignName = #{foreignname,jdbcType=VARCHAR},
      </if>
    </set>
    where id = #{id,jdbcType=BIGINT}
  </update>
  <update id="updateByPrimaryKey" parameterType="com.dolphin.pojo.DolphinProvider">
    update dolphin_provider
    set providerName = #{providername,jdbcType=VARCHAR},
      providerTitle = #{providertitle,jdbcType=VARCHAR},
      supplierDescription = #{supplierdescription,jdbcType=VARCHAR},
      ImageUrl = #{imageurl,jdbcType=VARCHAR},
      mainProducts = #{mainproducts,jdbcType=VARCHAR},
      countryId = #{countryid,jdbcType=BIGINT},
      address = #{address,jdbcType=VARCHAR},
      providerImageUrl = #{providerimageurl,jdbcType=VARCHAR},
      slogan = #{slogan,jdbcType=VARCHAR},
      supplierBarCode = #{supplierbarcode,jdbcType=VARCHAR},
      createdTime = #{createdtime,jdbcType=TIMESTAMP},
      createdBy = #{createdby,jdbcType=BIGINT},
      updatedTime = #{updatedtime,jdbcType=TIMESTAMP},
      updateBy = #{updateby,jdbcType=BIGINT},
      foreignName = #{foreignname,jdbcType=VARCHAR}
    where id = #{id,jdbcType=BIGINT}
  </update>
</mapper>