<?xml version="1.0" encoding="UTF-8"?>
<!DOCTYPE mapper PUBLIC "-//mybatis.org//DTD Mapper 3.0//EN" "http://mybatis.org/dtd/mybatis-3-mapper.dtd">
<mapper namespace="com.dolphin.mapper.DolphinCouponMapper">
  <resultMap id="BaseResultMap" type="com.dolphin.pojo.DolphinCoupon">
    <id column="id" jdbcType="BIGINT" property="id" />
    <result column="userId" jdbcType="BIGINT" property="userid" />
    <result column="startTime" jdbcType="DATE" property="starttime" />
    <result column="endTime" jdbcType="DATE" property="endtime" />
    <result column="couponTitle" jdbcType="VARCHAR" property="coupontitle" />
    <result column="STATUS" jdbcType="INTEGER" property="status" />
    <result column="outCCategory" jdbcType="BIGINT" property="outccategory" />
    <result column="couponDiscount" jdbcType="INTEGER" property="coupondiscount" />
    <result column="meetConditions" jdbcType="INTEGER" property="meetconditions" />
    <result column="couponType" jdbcType="INTEGER" property="coupontype" />
    <result column="imageUrl" jdbcType="VARCHAR" property="imageurl" />
  </resultMap>
  <sql id="Base_Column_List">
    id, userId, startTime, endTime, couponTitle, STATUS, outCCategory, couponDiscount, 
    meetConditions, couponType, imageUrl
  </sql>
  <select id="selectByPrimaryKey" parameterType="java.lang.Long" resultMap="BaseResultMap">
    select 
    <include refid="Base_Column_List" />
    from dolphin_coupon
    where id = #{id,jdbcType=BIGINT}
  </select>
  <delete id="deleteByPrimaryKey" parameterType="java.lang.Long">
    delete from dolphin_coupon
    where id = #{id,jdbcType=BIGINT}
  </delete>
  <insert id="insert" parameterType="com.dolphin.pojo.DolphinCoupon">
    insert into dolphin_coupon (id, userId, startTime, 
      endTime, couponTitle, STATUS, 
      outCCategory, couponDiscount, meetConditions, 
      couponType, imageUrl)
    values (#{id,jdbcType=BIGINT}, #{userid,jdbcType=BIGINT}, #{starttime,jdbcType=DATE}, 
      #{endtime,jdbcType=DATE}, #{coupontitle,jdbcType=VARCHAR}, #{status,jdbcType=INTEGER}, 
      #{outccategory,jdbcType=BIGINT}, #{coupondiscount,jdbcType=INTEGER}, #{meetconditions,jdbcType=INTEGER}, 
      #{coupontype,jdbcType=INTEGER}, #{imageurl,jdbcType=VARCHAR})
  </insert>
  <insert id="insertSelective" parameterType="com.dolphin.pojo.DolphinCoupon">
    insert into dolphin_coupon
    <trim prefix="(" suffix=")" suffixOverrides=",">
      <if test="id != null">
        id,
      </if>
      <if test="userid != null">
        userId,
      </if>
      <if test="starttime != null">
        startTime,
      </if>
      <if test="endtime != null">
        endTime,
      </if>
      <if test="coupontitle != null">
        couponTitle,
      </if>
      <if test="status != null">
        STATUS,
      </if>
      <if test="outccategory != null">
        outCCategory,
      </if>
      <if test="coupondiscount != null">
        couponDiscount,
      </if>
      <if test="meetconditions != null">
        meetConditions,
      </if>
      <if test="coupontype != null">
        couponType,
      </if>
      <if test="imageurl != null">
        imageUrl,
      </if>
    </trim>
    <trim prefix="values (" suffix=")" suffixOverrides=",">
      <if test="id != null">
        #{id,jdbcType=BIGINT},
      </if>
      <if test="userid != null">
        #{userid,jdbcType=BIGINT},
      </if>
      <if test="starttime != null">
        #{starttime,jdbcType=DATE},
      </if>
      <if test="endtime != null">
        #{endtime,jdbcType=DATE},
      </if>
      <if test="coupontitle != null">
        #{coupontitle,jdbcType=VARCHAR},
      </if>
      <if test="status != null">
        #{status,jdbcType=INTEGER},
      </if>
      <if test="outccategory != null">
        #{outccategory,jdbcType=BIGINT},
      </if>
      <if test="coupondiscount != null">
        #{coupondiscount,jdbcType=INTEGER},
      </if>
      <if test="meetconditions != null">
        #{meetconditions,jdbcType=INTEGER},
      </if>
      <if test="coupontype != null">
        #{coupontype,jdbcType=INTEGER},
      </if>
      <if test="imageurl != null">
        #{imageurl,jdbcType=VARCHAR},
      </if>
    </trim>
  </insert>
  <update id="updateByPrimaryKeySelective" parameterType="com.dolphin.pojo.DolphinCoupon">
    update dolphin_coupon
    <set>
      <if test="userid != null">
        userId = #{userid,jdbcType=BIGINT},
      </if>
      <if test="starttime != null">
        startTime = #{starttime,jdbcType=DATE},
      </if>
      <if test="endtime != null">
        endTime = #{endtime,jdbcType=DATE},
      </if>
      <if test="coupontitle != null">
        couponTitle = #{coupontitle,jdbcType=VARCHAR},
      </if>
      <if test="status != null">
        STATUS = #{status,jdbcType=INTEGER},
      </if>
      <if test="outccategory != null">
        outCCategory = #{outccategory,jdbcType=BIGINT},
      </if>
      <if test="coupondiscount != null">
        couponDiscount = #{coupondiscount,jdbcType=INTEGER},
      </if>
      <if test="meetconditions != null">
        meetConditions = #{meetconditions,jdbcType=INTEGER},
      </if>
      <if test="coupontype != null">
        couponType = #{coupontype,jdbcType=INTEGER},
      </if>
      <if test="imageurl != null">
        imageUrl = #{imageurl,jdbcType=VARCHAR},
      </if>
    </set>
    where id = #{id,jdbcType=BIGINT}
  </update>
  <update id="updateByPrimaryKey" parameterType="com.dolphin.pojo.DolphinCoupon">
    update dolphin_coupon
    set userId = #{userid,jdbcType=BIGINT},
      startTime = #{starttime,jdbcType=DATE},
      endTime = #{endtime,jdbcType=DATE},
      couponTitle = #{coupontitle,jdbcType=VARCHAR},
      STATUS = #{status,jdbcType=INTEGER},
      outCCategory = #{outccategory,jdbcType=BIGINT},
      couponDiscount = #{coupondiscount,jdbcType=INTEGER},
      meetConditions = #{meetconditions,jdbcType=INTEGER},
      couponType = #{coupontype,jdbcType=INTEGER},
      imageUrl = #{imageurl,jdbcType=VARCHAR}
    where id = #{id,jdbcType=BIGINT}
  </update>
</mapper>