<?xml version="1.0" encoding="UTF-8"?>
<!DOCTYPE mapper PUBLIC "-//mybatis.org//DTD Mapper 3.0//EN" "http://mybatis.org/dtd/mybatis-3-mapper.dtd">
<mapper namespace="com.dolphin.mapper.DolphinCategoryParamMapper">
  <resultMap id="BaseResultMap" type="com.dolphin.pojo.DolphinCategoryParam">
    <id column="id" jdbcType="BIGINT" property="id" />
    <result column="categoryId" jdbcType="BIGINT" property="categoryid" />
    <result column="createdTime" jdbcType="TIMESTAMP" property="createdtime" />
    <result column="updateTime" jdbcType="TIMESTAMP" property="updatetime" />
  </resultMap>
  <resultMap extends="BaseResultMap" id="ResultMapWithBLOBs" type="com.dolphin.pojo.DolphinCategoryParam">
    <result column="paramData" jdbcType="LONGVARCHAR" property="paramdata" />
  </resultMap>
  <sql id="Base_Column_List">
    id, categoryId, createdTime, updateTime
  </sql>
  <sql id="Blob_Column_List">
    paramData
  </sql>
  <select id="selectByPrimaryKey" parameterType="java.lang.Long" resultMap="ResultMapWithBLOBs">
    select 
    <include refid="Base_Column_List" />
    ,
    <include refid="Blob_Column_List" />
    from dolphin_category_param
    where id = #{id,jdbcType=BIGINT}
  </select>
  <delete id="deleteByPrimaryKey" parameterType="java.lang.Long">
    delete from dolphin_category_param
    where id = #{id,jdbcType=BIGINT}
  </delete>
  <insert id="insert" parameterType="com.dolphin.pojo.DolphinCategoryParam">
    insert into dolphin_category_param (id, categoryId, createdTime, 
      updateTime, paramData)
    values (#{id,jdbcType=BIGINT}, #{categoryid,jdbcType=BIGINT}, #{createdtime,jdbcType=TIMESTAMP}, 
      #{updatetime,jdbcType=TIMESTAMP}, #{paramdata,jdbcType=LONGVARCHAR})
  </insert>
  <insert id="insertSelective" parameterType="com.dolphin.pojo.DolphinCategoryParam">
    insert into dolphin_category_param
    <trim prefix="(" suffix=")" suffixOverrides=",">
      <if test="id != null">
        id,
      </if>
      <if test="categoryid != null">
        categoryId,
      </if>
      <if test="createdtime != null">
        createdTime,
      </if>
      <if test="updatetime != null">
        updateTime,
      </if>
      <if test="paramdata != null">
        paramData,
      </if>
    </trim>
    <trim prefix="values (" suffix=")" suffixOverrides=",">
      <if test="id != null">
        #{id,jdbcType=BIGINT},
      </if>
      <if test="categoryid != null">
        #{categoryid,jdbcType=BIGINT},
      </if>
      <if test="createdtime != null">
        #{createdtime,jdbcType=TIMESTAMP},
      </if>
      <if test="updatetime != null">
        #{updatetime,jdbcType=TIMESTAMP},
      </if>
      <if test="paramdata != null">
        #{paramdata,jdbcType=LONGVARCHAR},
      </if>
    </trim>
  </insert>
  <update id="updateByPrimaryKeySelective" parameterType="com.dolphin.pojo.DolphinCategoryParam">
    update dolphin_category_param
    <set>
      <if test="categoryid != null">
        categoryId = #{categoryid,jdbcType=BIGINT},
      </if>
      <if test="createdtime != null">
        createdTime = #{createdtime,jdbcType=TIMESTAMP},
      </if>
      <if test="updatetime != null">
        updateTime = #{updatetime,jdbcType=TIMESTAMP},
      </if>
      <if test="paramdata != null">
        paramData = #{paramdata,jdbcType=LONGVARCHAR},
      </if>
    </set>
    where id = #{id,jdbcType=BIGINT}
  </update>
  <update id="updateByPrimaryKeyWithBLOBs" parameterType="com.dolphin.pojo.DolphinCategoryParam">
    update dolphin_category_param
    set categoryId = #{categoryid,jdbcType=BIGINT},
      createdTime = #{createdtime,jdbcType=TIMESTAMP},
      updateTime = #{updatetime,jdbcType=TIMESTAMP},
      paramData = #{paramdata,jdbcType=LONGVARCHAR}
    where id = #{id,jdbcType=BIGINT}
  </update>
  <update id="updateByPrimaryKey" parameterType="com.dolphin.pojo.DolphinCategoryParam">
    update dolphin_category_param
    set categoryId = #{categoryid,jdbcType=BIGINT},
      createdTime = #{createdtime,jdbcType=TIMESTAMP},
      updateTime = #{updatetime,jdbcType=TIMESTAMP}
    where id = #{id,jdbcType=BIGINT}
  </update>
</mapper>