<?xml version="1.0" encoding="UTF-8"?>
<!DOCTYPE mapper PUBLIC "-//mybatis.org//DTD Mapper 3.0//EN" "http://mybatis.org/dtd/mybatis-3-mapper.dtd">
<mapper namespace="com.dolphin.mapper.DolphinRoleMapper">
  <resultMap id="BaseResultMap" type="com.dolphin.pojo.DolphinRole">
    <result column="id" jdbcType="BIGINT" property="id" />
    <result column="roleName" jdbcType="VARCHAR" property="rolename" />
  </resultMap>
  <insert id="insert" parameterType="com.dolphin.pojo.DolphinRole">
    insert into dolphin_role (id, roleName)
    values (#{id,jdbcType=BIGINT}, #{rolename,jdbcType=VARCHAR})
  </insert>
  <insert id="insertSelective" parameterType="com.dolphin.pojo.DolphinRole">
    insert into dolphin_role
    <trim prefix="(" suffix=")" suffixOverrides=",">
      <if test="id != null">
        id,
      </if>
      <if test="rolename != null">
        roleName,
      </if>
    </trim>
    <trim prefix="values (" suffix=")" suffixOverrides=",">
      <if test="id != null">
        #{id,jdbcType=BIGINT},
      </if>
      <if test="rolename != null">
        #{rolename,jdbcType=VARCHAR},
      </if>
    </trim>
  </insert>
</mapper>