<?xml version="1.0" encoding="UTF-8"?>
<!DOCTYPE mapper PUBLIC "-//mybatis.org//DTD Mapper 3.0//EN" "http://mybatis.org/dtd/mybatis-3-mapper.dtd">
<mapper namespace="com.dolphin.mapper.DolphinCountryMapper">
  <resultMap id="BaseResultMap" type="com.dolphin.pojo.DolphinCountry">
    <id column="id" jdbcType="BIGINT" property="id" />
    <result column="countryName" jdbcType="VARCHAR" property="countryname" />
    <result column="imageUrl" jdbcType="VARCHAR" property="imageurl" />
    <result column="continent" jdbcType="INTEGER" property="continent" />
    <result column="boutiqueImgUrl" jdbcType="VARCHAR" property="boutiqueimgurl" />
    <result column="boutiqueName" jdbcType="VARCHAR" property="boutiquename" />
  </resultMap>
  <sql id="Base_Column_List">
    id, countryName, imageUrl, continent, boutiqueImgUrl, boutiqueName
  </sql>
  <select id="selectByPrimaryKey" parameterType="java.lang.Long" resultMap="BaseResultMap">
    select 
    <include refid="Base_Column_List" />
    from dolphin_country
    where id = #{id,jdbcType=BIGINT}
  </select>
  <delete id="deleteByPrimaryKey" parameterType="java.lang.Long">
    delete from dolphin_country
    where id = #{id,jdbcType=BIGINT}
  </delete>
  <insert id="insert" parameterType="com.dolphin.pojo.DolphinCountry">
    insert into dolphin_country (id, countryName, imageUrl, 
      continent, boutiqueImgUrl, boutiqueName
      )
    values (#{id,jdbcType=BIGINT}, #{countryname,jdbcType=VARCHAR}, #{imageurl,jdbcType=VARCHAR}, 
      #{continent,jdbcType=INTEGER}, #{boutiqueimgurl,jdbcType=VARCHAR}, #{boutiquename,jdbcType=VARCHAR}
      )
  </insert>
  <insert id="insertSelective" parameterType="com.dolphin.pojo.DolphinCountry">
    insert into dolphin_country
    <trim prefix="(" suffix=")" suffixOverrides=",">
      <if test="id != null">
        id,
      </if>
      <if test="countryname != null">
        countryName,
      </if>
      <if test="imageurl != null">
        imageUrl,
      </if>
      <if test="continent != null">
        continent,
      </if>
      <if test="boutiqueimgurl != null">
        boutiqueImgUrl,
      </if>
      <if test="boutiquename != null">
        boutiqueName,
      </if>
    </trim>
    <trim prefix="values (" suffix=")" suffixOverrides=",">
      <if test="id != null">
        #{id,jdbcType=BIGINT},
      </if>
      <if test="countryname != null">
        #{countryname,jdbcType=VARCHAR},
      </if>
      <if test="imageurl != null">
        #{imageurl,jdbcType=VARCHAR},
      </if>
      <if test="continent != null">
        #{continent,jdbcType=INTEGER},
      </if>
      <if test="boutiqueimgurl != null">
        #{boutiqueimgurl,jdbcType=VARCHAR},
      </if>
      <if test="boutiquename != null">
        #{boutiquename,jdbcType=VARCHAR},
      </if>
    </trim>
  </insert>
  <update id="updateByPrimaryKeySelective" parameterType="com.dolphin.pojo.DolphinCountry">
    update dolphin_country
    <set>
      <if test="countryname != null">
        countryName = #{countryname,jdbcType=VARCHAR},
      </if>
      <if test="imageurl != null">
        imageUrl = #{imageurl,jdbcType=VARCHAR},
      </if>
      <if test="continent != null">
        continent = #{continent,jdbcType=INTEGER},
      </if>
      <if test="boutiqueimgurl != null">
        boutiqueImgUrl = #{boutiqueimgurl,jdbcType=VARCHAR},
      </if>
      <if test="boutiquename != null">
        boutiqueName = #{boutiquename,jdbcType=VARCHAR},
      </if>
    </set>
    where id = #{id,jdbcType=BIGINT}
  </update>
  <update id="updateByPrimaryKey" parameterType="com.dolphin.pojo.DolphinCountry">
    update dolphin_country
    set countryName = #{countryname,jdbcType=VARCHAR},
      imageUrl = #{imageurl,jdbcType=VARCHAR},
      continent = #{continent,jdbcType=INTEGER},
      boutiqueImgUrl = #{boutiqueimgurl,jdbcType=VARCHAR},
      boutiqueName = #{boutiquename,jdbcType=VARCHAR}
    where id = #{id,jdbcType=BIGINT}
  </update>
</mapper>