<?xml version="1.0" encoding="UTF-8" ?>
<!DOCTYPE mapper PUBLIC "-//mybatis.org//DTD Mapper 3.0//EN" "http://mybatis.org/dtd/mybatis-3-mapper.dtd" >
<mapper namespace="com.weidai.dao.UserbankMapper">
	<!--结果集 -->
	<resultMap id="BaseResultMap" type="com.weidai.pojo.Userbank">
		<id column="ub_id" property="ubId" jdbcType="INTEGER" />
		<result column="ub_userid" property="ubUserid"
			jdbcType="VARCHAR" />
		<result column="ub_username" property="ubUsername"
			jdbcType="VARCHAR" />
		<result column="ub_idcard" property="ubIdcard"
			jdbcType="VARCHAR" />
		<result column="ub_banknum" property="ubBanknum"
			jdbcType="VARCHAR" />
		<result column="uc_bankmoney" property="ucBankmoney"
			jdbcType="DECIMAL" />
		<result column="ub_telephone" property="ubTelephone"
			jdbcType="VARCHAR" />
		<result column="ub_password" property="ubPassword"
			jdbcType="INTEGER" />
	</resultMap>
	<!--查询的建立列名 -->
	<sql id="Base_Column_List">
		ub_id, ub_userid, ub_username, ub_idcard, ub_banknum,
		uc_bankmoney,
		ub_telephone,
		ub_password
	</sql>
	<!--通过主键id查询 -->
	<select id="selectByPrimaryKey" resultMap="BaseResultMap"
		parameterType="java.lang.Integer">
		select
		<include refid="Base_Column_List" />
		from Userbank
		where ub_id = #{ubId,jdbcType=INTEGER}
	</select>
	<!--通过主键id删除 用户厦门银行表 -->
	<delete id="deleteByPrimaryKey"
		parameterType="java.lang.Integer">
		delete from Userbank
		where ub_id =
		#{ubId,jdbcType=INTEGER}
	</delete>
	<!--插入全部 -->
	<insert id="insert" parameterType="com.weidai.pojo.Userbank">
		insert into Userbank (ub_id,
		ub_userid, ub_username,
		ub_idcard, ub_banknum, uc_bankmoney,
		ub_telephone, ub_password)
		values (#{ubId,jdbcType=INTEGER},
		#{ubUserid,jdbcType=VARCHAR},
		#{ubUsername,jdbcType=VARCHAR},
		#{ubIdcard,jdbcType=VARCHAR}, #{ubBanknum,jdbcType=VARCHAR},
		#{ucBankmoney,jdbcType=DECIMAL},
		#{ubTelephone,jdbcType=VARCHAR},
		#{ubPassword,jdbcType=INTEGER})
	</insert>
	<!--动态插入数据 可以插入一部分 -->
	<insert id="insertSelective"
		parameterType="com.weidai.pojo.Userbank">
		insert into Userbank
		<trim prefix="(" suffix=")" suffixOverrides=",">
			<if test="ubId != null">
				ub_id,
			</if>
			<if test="ubUserid != null">
				ub_userid,
			</if>
			<if test="ubUsername != null">
				ub_username,
			</if>
			<if test="ubIdcard != null">
				ub_idcard,
			</if>
			<if test="ubBanknum != null">
				ub_banknum,
			</if>
			<if test="ucBankmoney != null">
				uc_bankmoney,
			</if>
			<if test="ubTelephone != null">
				ub_telephone,
			</if>
			<if test="ubPassword != null">
				ub_password,
			</if>
		</trim>
		<trim prefix="values (" suffix=")" suffixOverrides=",">
			<if test="ubId != null">
				#{ubId,jdbcType=INTEGER},
			</if>
			<if test="ubUserid != null">
				#{ubUserid,jdbcType=VARCHAR},
			</if>
			<if test="ubUsername != null">
				#{ubUsername,jdbcType=VARCHAR},
			</if>
			<if test="ubIdcard != null">
				#{ubIdcard,jdbcType=VARCHAR},
			</if>
			<if test="ubBanknum != null">
				#{ubBanknum,jdbcType=VARCHAR},
			</if>
			<if test="ucBankmoney != null">
				#{ucBankmoney,jdbcType=DECIMAL},
			</if>
			<if test="ubTelephone != null">
				#{ubTelephone,jdbcType=VARCHAR},
			</if>
			<if test="ubPassword != null">
				#{ubPassword,jdbcType=INTEGER},
			</if>
		</trim>
	</insert>
	<!--动态更新 银行卡的数据 -->
	<update id="updateByPrimaryKeySelective"
		parameterType="com.weidai.pojo.Userbank">
		update Userbank
		<set>
			<if test="ubUserid != null">
				ub_userid = #{ubUserid,jdbcType=VARCHAR},
			</if>
			<if test="ubUsername != null">
				ub_username = #{ubUsername,jdbcType=VARCHAR},
			</if>
			<if test="ubIdcard != null">
				ub_idcard = #{ubIdcard,jdbcType=VARCHAR},
			</if>
			<if test="ubBanknum != null">
				ub_banknum = #{ubBanknum,jdbcType=VARCHAR},
			</if>
			<if test="ucBankmoney != null">
				uc_bankmoney = #{ucBankmoney,jdbcType=DECIMAL},
			</if>
			<if test="ubTelephone != null">
				ub_telephone = #{ubTelephone,jdbcType=VARCHAR},
			</if>
			<if test="ubPassword != null">
				ub_password = #{ubPassword,jdbcType=INTEGER},
			</if>
		</set>
		where ub_id = #{ubId,jdbcType=INTEGER}
	</update>
	<!--全部 更新 userbank 根据id -->
	<update id="updateByPrimaryKey"
		parameterType="com.weidai.pojo.Userbank">
		update Userbank
		set ub_userid =
		#{ubUserid,jdbcType=VARCHAR},
		ub_username =
		#{ubUsername,jdbcType=VARCHAR},
		ub_idcard =
		#{ubIdcard,jdbcType=VARCHAR},
		ub_banknum =
		#{ubBanknum,jdbcType=VARCHAR},
		uc_bankmoney =
		#{ucBankmoney,jdbcType=DECIMAL},
		ub_telephone =
		#{ubTelephone,jdbcType=VARCHAR},
		ub_password =
		#{ubPassword,jdbcType=INTEGER}
		where ub_id = #{ubId,jdbcType=INTEGER}
	</update>
	<!--查询身份证号码是否存在  -->
	<select id="existIDnumbers"  resultMap="BaseResultMap" parameterType="java.lang.String">
	    select
		<include refid="Base_Column_List" />
		from Userbank
		where ub_idcard = #{ubIdcard,jdbcType=VARCHAR}
	</select>
</mapper>