<?xml version="1.0" encoding="UTF-8" ?>
<!DOCTYPE mapper PUBLIC "-//mybatis.org//DTD Mapper 3.0//EN" "http://mybatis.org/dtd/mybatis-3-mapper.dtd" >
<mapper namespace="com.weidai.dao.UsercardMapper" >

    <resultMap id="BaseResultMap" type="com.weidai.pojo.Usercard" >
        <id column="uc_id" property="ucId" jdbcType="INTEGER" />
        <result column="uc_userid" property="ucUserid" jdbcType="VARCHAR" />
        <result column="uc_username" property="ucUsername" jdbcType="VARCHAR" />
        <result column="uc_idcard" property="ucIdcard" jdbcType="VARCHAR" />
        <result column="uc_banknum" property="ucBanknum" jdbcType="VARCHAR" />
        <result column="uc_bankmoney" property="ucBankmoney" jdbcType="DECIMAL" />
        <result column="uc_password" property="ucPassword" jdbcType="INTEGER" />
        <result column="uc_debank" property="ucDebank" jdbcType="VARCHAR" />
    </resultMap>


</mapper>